class_id,precision,recall,f1,accuracy,true_positive,false_positive,false_negative
0,0.0,0.0,0.0,1.0,0,0,0
1,1.0,1.0,1.0,1.0,1,0,0
2,0.5,1.0,0.6666666666666666,0.9996485061511423,1,1,0
3,0.0,0.0,0.0,0.9982425307557118,0,2,3
4,0.0,0.0,0.0,0.9996485061511423,0,1,0
5,1.0,1.0,1.0,1.0,1,0,0
6,0.5,1.0,0.6666666666666666,0.9996485061511423,1,1,0
7,1.0,1.0,1.0,1.0,1,0,0
8,1.0,0.6666666666666666,0.8,0.9996485061511423,2,0,1
9,0.0,0.0,0.0,0.9982425307557118,0,3,2
10,0.6666666666666666,1.0,0.8,0.9996485061511423,2,1,0
11,0.0,0.0,0.0,0.9996485061511423,0,0,1
12,0.0,0.0,0.0,0.9992970123022847,0,0,2
13,1.0,1.0,1.0,1.0,1,0,0
14,0.0,0.0,0.0,0.998945518453427,0,1,2
15,0.0,0.0,0.0,0.9996485061511423,0,0,1
16,1.0,1.0,1.0,1.0,2,0,0
17,0.5,1.0,0.6666666666666666,0.9996485061511423,1,1,0
18,0.5,1.0,0.6666666666666666,0.9996485061511423,1,1,0
19,0.0,0.0,0.0,1.0,0,0,0
20,1.0,0.5,0.6666666666666666,0.9996485061511423,1,0,1
21,0.0,0.0,0.0,0.998945518453427,0,2,1
22,0.0,0.0,0.0,0.9992970123022847,0,2,0
23,1.0,0.5,0.6666666666666666,0.9996485061511423,1,0,1
24,0.0,0.0,0.0,0.9996485061511423,0,1,0
25,0.0,0.0,0.0,0.9992970123022847,0,2,0
26,0.0,0.0,0.0,0.9996485061511423,0,0,1
27,0.0,0.0,0.0,0.49701230228471,0,1431,0
28,0.0,0.0,0.0,1.0,0,0,0
29,1.0,1.0,1.0,1.0,1,0,0
30,0.5,0.3333333333333333,0.4,0.998945518453427,1,1,2
31,1.0,1.0,1.0,1.0,1,0,0
32,0.0,0.0,0.0,0.9996485061511423,0,1,0
33,1.0,1.0,1.0,1.0,1,0,0
34,0.5,1.0,0.6666666666666666,0.9996485061511423,1,1,0
35,0.5,1.0,0.6666666666666666,0.9996485061511423,1,1,0
36,1.0,0.5,0.6666666666666666,0.9996485061511423,1,0,1
37,0.0,0.0,0.0,0.9996485061511423,0,1,0
38,1.0,1.0,1.0,1.0,1,0,0
39,0.0,0.0,0.0,0.9992970123022847,0,2,0
40,0.0,0.0,0.0,1.0,0,0,0
41,0.0,0.0,0.0,0.9996485061511423,0,0,1
42,0.0,0.0,0.0,0.998945518453427,0,1,2
43,1.0,0.5,0.6666666666666666,0.9996485061511423,1,0,1
44,0.0,0.0,0.0,1.0,0,0,0
45,0.0,0.0,0.0,1.0,0,0,0
46,1.0,0.5,0.6666666666666666,0.9996485061511423,1,0,1
47,0.5,1.0,0.6666666666666666,0.9996485061511423,1,1,0
48,0.0,0.0,0.0,0.9992970123022847,0,1,1
49,0.5,1.0,0.6666666666666666,0.9996485061511423,1,1,0
50,0.0,0.0,0.0,0.998945518453427,0,2,1
51,1.0,1.0,1.0,1.0,2,0,0
52,0.0,0.0,0.0,1.0,0,0,0
53,1.0,1.0,1.0,1.0,1,0,0
54,0.25,1.0,0.4,0.998945518453427,1,3,0
55,0.0,0.0,0.0,0.9996485061511423,0,0,1
56,0.0,0.0,0.0,0.9992970123022847,0,0,2
57,0.0,0.0,0.0,0.9996485061511423,0,0,1
58,0.0,0.0,0.0,1.0,0,0,0
59,0.6666666666666666,1.0,0.8,0.9996485061511423,2,1,0
60,0.0,0.0,0.0,0.9992970123022847,0,1,1
61,0.0,0.0,0.0,0.9996485061511423,0,1,0
62,0.0,0.0,0.0,0.9996485061511423,0,1,0
63,1.0,0.5,0.6666666666666666,0.9996485061511423,1,0,1
64,1.0,0.5,0.6666666666666666,0.9996485061511423,1,0,1
65,0.0,0.0,0.0,0.998945518453427,0,1,2
66,1.0,1.0,1.0,1.0,1,0,0
67,0.0,0.0,0.0,1.0,0,0,0
68,1.0,0.5,0.6666666666666666,0.9996485061511423,1,0,1
69,0.0,0.0,0.0,0.998945518453427,0,1,2
70,0.0,0.0,0.0,1.0,0,0,0
71,1.0,1.0,1.0,1.0,1,0,0
72,0.0,0.0,0.0,0.998945518453427,0,2,1
73,0.0,0.0,0.0,0.9996485061511423,0,0,1
74,1.0,1.0,1.0,1.0,1,0,0
75,0.3333333333333333,1.0,0.5,0.9992970123022847,1,2,0
76,1.0,1.0,1.0,1.0,1,0,0
77,1.0,1.0,1.0,1.0,1,0,0
78,1.0,1.0,1.0,1.0,1,0,0
79,0.5,1.0,0.6666666666666666,0.9996485061511423,1,1,0
80,1.0,0.5,0.6666666666666666,0.9996485061511423,1,0,1
81,1.0,1.0,1.0,1.0,1,0,0
82,1.0,1.0,1.0,1.0,1,0,0
83,0.0,0.0,0.0,0.9996485061511423,0,1,0
84,0.0,0.0,0.0,0.9996485061511423,0,1,0
85,0.0,0.0,0.0,0.9992970123022847,0,1,1
86,1.0,0.5,0.6666666666666666,0.9996485061511423,1,0,1
87,0.0,0.0,0.0,1.0,0,0,0
88,1.0,1.0,1.0,1.0,1,0,0
89,1.0,1.0,1.0,1.0,1,0,0
90,0.0,0.0,0.0,1.0,0,0,0
91,0.0,0.0,0.0,1.0,0,0,0
92,0.0,0.0,0.0,1.0,0,0,0
93,0.0,0.0,0.0,0.9996485061511423,0,0,1
94,1.0,1.0,1.0,1.0,1,0,0
95,1.0,0.5,0.6666666666666666,0.9996485061511423,1,0,1
96,0.0,0.0,0.0,0.9996485061511423,0,0,1
97,0.0,0.0,0.0,1.0,0,0,0
98,0.0,0.0,0.0,0.9992970123022847,0,1,1
99,0.0,0.0,0.0,1.0,0,0,0
100,0.0,0.0,0.0,1.0,0,0,0
101,0.0,0.0,0.0,0.9992970123022847,0,1,1
102,0.0,0.0,0.0,1.0,0,0,0
103,0.0,0.0,0.0,1.0,0,0,0
104,1.0,1.0,1.0,1.0,1,0,0
105,0.0,0.0,0.0,0.9996485061511423,0,0,1
106,0.0,0.0,0.0,0.998945518453427,0,0,3
107,1.0,1.0,1.0,1.0,1,0,0
108,0.5,1.0,0.6666666666666666,0.9996485061511423,1,1,0
109,0.0,0.0,0.0,0.998945518453427,0,2,1
110,1.0,1.0,1.0,1.0,1,0,0
111,1.0,1.0,1.0,1.0,1,0,0
112,0.0,0.0,0.0,0.9996485061511423,0,1,0
113,0.0,0.0,0.0,1.0,0,0,0
114,1.0,1.0,1.0,1.0,1,0,0
115,0.0,0.0,0.0,0.9992970123022847,0,2,0
116,1.0,1.0,1.0,1.0,1,0,0
117,1.0,1.0,1.0,1.0,1,0,0
118,0.0,0.0,0.0,0.998945518453427,0,2,1
119,0.0,0.0,0.0,0.9996485061511423,0,1,0
120,1.0,1.0,1.0,1.0,2,0,0
121,0.0,0.0,0.0,1.0,0,0,0
122,0.0,0.0,0.0,1.0,0,0,0
123,0.5,1.0,0.6666666666666666,0.9996485061511423,1,1,0
124,0.0,0.0,0.0,0.9996485061511423,0,1,0
125,0.0,0.0,0.0,0.9992970123022847,0,1,1
126,0.0,0.0,0.0,0.998945518453427,0,1,2
127,1.0,1.0,1.0,1.0,1,0,0
128,0.0,0.0,0.0,0.9992970123022847,0,1,1
129,1.0,1.0,1.0,1.0,1,0,0
130,0.0,0.0,0.0,0.9996485061511423,0,0,1
131,0.0,0.0,0.0,0.9992970123022847,0,0,2
132,0.0,0.0,0.0,0.9992970123022847,0,2,0
133,0.0,0.0,0.0,0.9996485061511423,0,1,0
134,0.0,0.0,0.0,1.0,0,0,0
135,0.0,0.0,0.0,0.9992970123022847,0,2,0
136,1.0,1.0,1.0,1.0,1,0,0
137,1.0,1.0,1.0,1.0,1,0,0
138,0.5,1.0,0.6666666666666666,0.9996485061511423,1,1,0
139,0.0,0.0,0.0,1.0,0,0,0
140,1.0,1.0,1.0,1.0,1,0,0
141,1.0,1.0,1.0,1.0,1,0,0
142,0.0,0.0,0.0,0.9992970123022847,0,1,1
143,0.0,0.0,0.0,0.9996485061511423,0,0,1
144,0.5,1.0,0.6666666666666666,0.9996485061511423,1,1,0
145,0.5,0.5,0.5,0.9992970123022847,1,1,1
146,0.0,0.0,0.0,0.9996485061511423,0,1,0
147,1.0,1.0,1.0,1.0,2,0,0
148,0.0,0.0,0.0,0.9996485061511423,0,1,0
149,0.0,0.0,0.0,0.9996485061511423,0,1,0
150,0.0,0.0,0.0,0.9992970123022847,0,2,0
151,0.0,0.0,0.0,1.0,0,0,0
152,1.0,0.5,0.6666666666666666,0.9996485061511423,1,0,1
153,0.5,0.5,0.5,0.9992970123022847,1,1,1
154,0.0,0.0,0.0,1.0,0,0,0
155,0.0,0.0,0.0,1.0,0,0,0
156,0.6666666666666666,1.0,0.8,0.9996485061511423,2,1,0
157,0.5,1.0,0.6666666666666666,0.9996485061511423,1,1,0
158,0.5,1.0,0.6666666666666666,0.9996485061511423,1,1,0
159,1.0,1.0,1.0,1.0,1,0,0
160,0.0,0.0,0.0,1.0,0,0,0
161,0.0,0.0,0.0,0.9992970123022847,0,1,1
162,0.0,0.0,0.0,0.9992970123022847,0,1,1
163,1.0,1.0,1.0,1.0,1,0,0
164,0.5,1.0,0.6666666666666666,0.9996485061511423,1,1,0
165,0.5,1.0,0.6666666666666666,0.9996485061511423,1,1,0
166,0.0,0.0,0.0,1.0,0,0,0
167,0.0,0.0,0.0,1.0,0,0,0
168,1.0,1.0,1.0,1.0,1,0,0
169,0.0,0.0,0.0,1.0,0,0,0
170,0.0,0.0,0.0,0.9996485061511423,0,1,0
171,0.5,0.5,0.5,0.9992970123022847,1,1,1
172,1.0,1.0,1.0,1.0,1,0,0
173,0.0,0.0,0.0,1.0,0,0,0
174,1.0,1.0,1.0,1.0,1,0,0
175,0.0,0.0,0.0,1.0,0,0,0
176,0.0,0.0,0.0,0.9985940246045695,0,3,1
177,0.0,0.0,0.0,0.9992970123022847,0,2,0
178,0.0,0.0,0.0,1.0,0,0,0
179,0.0,0.0,0.0,0.9996485061511423,0,0,1
180,0.0,0.0,0.0,1.0,0,0,0
181,0.0,0.0,0.0,0.9985940246045695,0,2,2
182,1.0,0.5,0.6666666666666666,0.9996485061511423,1,0,1
183,1.0,1.0,1.0,1.0,1,0,0
184,0.5,1.0,0.6666666666666666,0.9996485061511423,1,1,0
185,0.0,0.0,0.0,0.9996485061511423,0,1,0
186,0.0,0.0,0.0,0.9992970123022847,0,1,1
187,1.0,0.5,0.6666666666666666,0.9996485061511423,1,0,1
188,0.0,0.0,0.0,0.9996485061511423,0,0,1
189,0.0,0.0,0.0,0.998945518453427,0,1,2
190,0.0,0.0,0.0,1.0,0,0,0
191,0.5,0.5,0.5,0.9992970123022847,1,1,1
192,0.0,0.0,0.0,1.0,0,0,0
193,1.0,1.0,1.0,1.0,1,0,0
194,0.0,0.0,0.0,1.0,0,0,0
195,1.0,1.0,1.0,1.0,1,0,0
196,1.0,1.0,1.0,1.0,2,0,0
197,1.0,1.0,1.0,1.0,1,0,0
198,1.0,1.0,1.0,1.0,1,0,0
199,0.5,1.0,0.6666666666666666,0.9996485061511423,1,1,0
200,0.0,0.0,0.0,0.9992970123022847,0,2,0
201,1.0,0.5,0.6666666666666666,0.9996485061511423,1,0,1
202,0.0,0.0,0.0,0.9996485061511423,0,0,1
203,1.0,0.5,0.6666666666666666,0.9996485061511423,1,0,1
204,0.0,0.0,0.0,0.9996485061511423,0,0,1
205,1.0,1.0,1.0,1.0,2,0,0
206,1.0,1.0,1.0,1.0,2,0,0
207,0.0,0.0,0.0,0.9996485061511423,0,0,1
208,1.0,1.0,1.0,1.0,1,0,0
209,0.0,0.0,0.0,0.9992970123022847,0,0,2
210,1.0,1.0,1.0,1.0,1,0,0
211,0.0,0.0,0.0,0.9992970123022847,0,1,1
212,0.6666666666666666,1.0,0.8,0.9996485061511423,2,1,0
213,0.0,0.0,0.0,0.9996485061511423,0,0,1
214,0.6666666666666666,1.0,0.8,0.9996485061511423,2,1,0
215,1.0,1.0,1.0,1.0,2,0,0
216,0.0,0.0,0.0,0.998945518453427,0,1,2
217,0.0,0.0,0.0,0.9992970123022847,0,1,1
218,0.0,0.0,0.0,0.9996485061511423,0,0,1
219,1.0,1.0,1.0,1.0,1,0,0
220,0.3333333333333333,1.0,0.5,0.9992970123022847,1,2,0
221,0.0,0.0,0.0,0.9992970123022847,0,0,2
222,0.5,1.0,0.6666666666666666,0.9996485061511423,1,1,0
223,1.0,1.0,1.0,1.0,2,0,0
224,0.0,0.0,0.0,0.9992970123022847,0,0,2
225,1.0,1.0,1.0,1.0,2,0,0
226,0.0,0.0,0.0,0.9996485061511423,0,0,1
227,0.5,1.0,0.6666666666666666,0.9996485061511423,1,1,0
228,0.0,0.0,0.0,0.998945518453427,0,1,2
229,0.25,1.0,0.4,0.998945518453427,1,3,0
230,0.0,0.0,0.0,0.998945518453427,0,1,2
231,0.0,0.0,0.0,0.998945518453427,0,1,2
232,0.5,1.0,0.6666666666666666,0.9996485061511423,1,1,0
233,0.0,0.0,0.0,0.998945518453427,0,1,2
234,1.0,1.0,1.0,1.0,1,0,0
235,0.5,0.5,0.5,0.9992970123022847,1,1,1
236,1.0,1.0,1.0,1.0,1,0,0
237,0.5,0.5,0.5,0.9992970123022847,1,1,1
238,0.5,1.0,0.6666666666666666,0.9996485061511423,1,1,0
239,1.0,1.0,1.0,1.0,1,0,0
240,1.0,1.0,1.0,1.0,1,0,0
241,0.5,1.0,0.6666666666666666,0.9996485061511423,1,1,0
242,0.5,1.0,0.6666666666666666,0.9996485061511423,1,1,0
243,1.0,1.0,1.0,1.0,1,0,0
244,1.0,1.0,1.0,1.0,1,0,0
245,1.0,1.0,1.0,1.0,1,0,0
246,0.6666666666666666,1.0,0.8,0.9996485061511423,2,1,0
247,1.0,0.5,0.6666666666666666,0.9996485061511423,1,0,1
248,0.0,0.0,0.0,0.9992970123022847,0,0,2
249,0.3333333333333333,1.0,0.5,0.9992970123022847,1,2,0
250,0.5,1.0,0.6666666666666666,0.9996485061511423,1,1,0
251,0.0,0.0,0.0,0.9996485061511423,0,0,1
252,1.0,1.0,1.0,1.0,2,0,0
253,0.5,1.0,0.6666666666666666,0.9996485061511423,1,1,0
254,0.0,0.0,0.0,0.9996485061511423,0,0,1
255,0.0,0.0,0.0,0.9992970123022847,0,1,1
256,1.0,1.0,1.0,1.0,2,0,0
257,1.0,1.0,1.0,1.0,2,0,0
258,0.0,0.0,0.0,0.9996485061511423,0,0,1
259,1.0,0.5,0.6666666666666666,0.9996485061511423,1,0,1
260,0.0,0.0,0.0,0.9992970123022847,0,0,2
261,0.0,0.0,0.0,0.9996485061511423,0,0,1
262,1.0,1.0,1.0,1.0,2,0,0
263,0.0,0.0,0.0,0.9996485061511423,0,1,0
264,0.0,0.0,0.0,0.9996485061511423,0,0,1
265,0.0,0.0,0.0,0.9992970123022847,0,1,1
266,0.0,0.0,0.0,0.9992970123022847,0,0,2
267,1.0,0.5,0.6666666666666666,0.9996485061511423,1,0,1
268,0.0,0.0,0.0,0.9996485061511423,0,0,1
269,1.0,1.0,1.0,1.0,2,0,0
270,0.0,0.0,0.0,0.9996485061511423,0,0,1
271,0.0,0.0,0.0,0.9992970123022847,0,0,2
272,1.0,1.0,1.0,1.0,1,0,0
273,0.0,0.0,0.0,0.9996485061511423,0,0,1
274,0.0,0.0,0.0,1.0,0,0,0
275,0.0,0.0,0.0,0.9996485061511423,0,0,1
276,1.0,0.5,0.6666666666666666,0.9996485061511423,1,0,1
277,0.0,0.0,0.0,0.9996485061511423,0,0,1
278,0.0,0.0,0.0,0.9996485061511423,0,0,1
279,0.0,0.0,0.0,0.9996485061511423,0,0,1
280,1.0,1.0,1.0,1.0,1,0,0
281,1.0,1.0,1.0,1.0,2,0,0
282,0.6666666666666666,1.0,0.8,0.9996485061511423,2,1,0
283,1.0,1.0,1.0,1.0,2,0,0
284,0.0,0.0,0.0,0.9996485061511423,0,0,1
285,0.0,0.0,0.0,1.0,0,0,0
286,0.0,0.0,0.0,0.9992970123022847,0,0,2
287,0.0,0.0,0.0,1.0,0,0,0
288,1.0,1.0,1.0,1.0,1,0,0
289,1.0,1.0,1.0,1.0,1,0,0
290,0.0,0.0,0.0,0.9992970123022847,0,1,1
291,1.0,0.5,0.6666666666666666,0.9996485061511423,1,0,1
292,0.0,0.0,0.0,0.9992970123022847,0,0,2
293,0.0,0.0,0.0,0.998945518453427,0,2,1
294,0.0,0.0,0.0,0.9996485061511423,0,0,1
295,0.5,1.0,0.6666666666666666,0.9996485061511423,1,1,0
296,1.0,1.0,1.0,1.0,1,0,0
297,1.0,0.5,0.6666666666666666,0.9996485061511423,1,0,1
298,1.0,0.5,0.6666666666666666,0.9996485061511423,1,0,1
299,1.0,1.0,1.0,1.0,1,0,0
300,1.0,1.0,1.0,1.0,1,0,0
301,1.0,1.0,1.0,1.0,1,0,0
302,1.0,1.0,1.0,1.0,2,0,0
303,1.0,1.0,1.0,1.0,2,0,0
304,1.0,1.0,1.0,1.0,1,0,0
305,0.5,1.0,0.6666666666666666,0.9992970123022847,2,2,0
306,1.0,1.0,1.0,1.0,1,0,0
307,1.0,0.5,0.6666666666666666,0.9996485061511423,1,0,1
308,0.6666666666666666,1.0,0.8,0.9996485061511423,2,1,0
309,1.0,1.0,1.0,1.0,2,0,0
310,1.0,0.5,0.6666666666666666,0.9996485061511423,1,0,1
311,1.0,1.0,1.0,1.0,1,0,0
312,0.5,0.5,0.5,0.9992970123022847,1,1,1
313,0.0,0.0,0.0,0.9996485061511423,0,0,1
314,0.5,1.0,0.6666666666666666,0.9996485061511423,1,1,0
315,0.0,0.0,0.0,0.9992970123022847,0,1,1
316,1.0,0.5,0.6666666666666666,0.9996485061511423,1,0,1
317,1.0,1.0,1.0,1.0,1,0,0
318,0.0,0.0,0.0,0.9992970123022847,0,0,2
319,0.0,0.0,0.0,0.9992970123022847,0,0,2
320,0.0,0.0,0.0,0.9992970123022847,0,0,2
321,0.0,0.0,0.0,0.998945518453427,0,2,1
322,0.6666666666666666,1.0,0.8,0.9996485061511423,2,1,0
323,1.0,1.0,1.0,1.0,1,0,0
324,1.0,1.0,1.0,1.0,2,0,0
325,1.0,1.0,1.0,1.0,1,0,0
326,0.0,0.0,0.0,1.0,0,0,0
327,1.0,1.0,1.0,1.0,2,0,0
328,1.0,0.5,0.6666666666666666,0.9996485061511423,1,0,1
329,0.0,0.0,0.0,0.9985940246045695,0,2,2
330,0.0,0.0,0.0,0.9992970123022847,0,1,1
331,0.0,0.0,0.0,0.998945518453427,0,1,2
332,1.0,1.0,1.0,1.0,1,0,0
333,1.0,0.5,0.6666666666666666,0.9996485061511423,1,0,1
334,0.0,0.0,0.0,0.9992970123022847,0,0,2
335,0.0,0.0,0.0,0.9996485061511423,0,0,1
336,0.3333333333333333,0.5,0.4,0.998945518453427,1,2,1
337,0.0,0.0,0.0,0.9996485061511423,0,0,1
338,0.0,0.0,0.0,0.998945518453427,0,1,2
339,0.25,1.0,0.4,0.998945518453427,1,3,0
340,1.0,0.5,0.6666666666666666,0.9996485061511423,1,0,1
341,0.3333333333333333,1.0,0.5,0.9992970123022847,1,2,0
342,0.0,0.0,0.0,0.9992970123022847,0,0,2
343,1.0,1.0,1.0,1.0,2,0,0
344,0.6666666666666666,1.0,0.8,0.9996485061511423,2,1,0
345,1.0,0.5,0.6666666666666666,0.9996485061511423,1,0,1
346,1.0,1.0,1.0,1.0,1,0,0
347,1.0,1.0,1.0,1.0,2,0,0
348,1.0,1.0,1.0,1.0,1,0,0
349,1.0,0.5,0.6666666666666666,0.9996485061511423,1,0,1
350,0.0,0.0,0.0,0.998945518453427,0,1,2
351,0.0,0.0,0.0,0.9992970123022847,0,0,2
352,0.0,0.0,0.0,0.9992970123022847,0,1,1
353,1.0,1.0,1.0,1.0,2,0,0
354,0.5,1.0,0.6666666666666666,0.9996485061511423,1,1,0
355,0.5,1.0,0.6666666666666666,0.9996485061511423,1,1,0
356,0.0,0.0,0.0,0.9992970123022847,0,1,1
357,1.0,1.0,1.0,1.0,1,0,0
358,0.0,0.0,0.0,1.0,0,0,0
359,0.0,0.0,0.0,0.9996485061511423,0,0,1
360,0.0,0.0,0.0,1.0,0,0,0
361,1.0,1.0,1.0,1.0,2,0,0
362,0.0,0.0,0.0,0.9996485061511423,0,0,1
363,0.0,0.0,0.0,0.9996485061511423,0,0,1
364,0.0,0.0,0.0,0.998945518453427,0,2,1
365,0.0,0.0,0.0,0.9992970123022847,0,1,1
366,1.0,1.0,1.0,1.0,1,0,0
367,1.0,1.0,1.0,1.0,2,0,0
368,0.3333333333333333,1.0,0.5,0.9992970123022847,1,2,0
369,0.0,0.0,0.0,0.9996485061511423,0,1,0
370,0.0,0.0,0.0,0.9996485061511423,0,0,1
371,0.0,0.0,0.0,0.9992970123022847,0,1,1
372,1.0,1.0,1.0,1.0,2,0,0
373,0.5,0.5,0.5,0.9992970123022847,1,1,1
374,1.0,0.5,0.6666666666666666,0.9996485061511423,1,0,1
375,0.0,0.0,0.0,0.998945518453427,0,2,1
376,1.0,1.0,1.0,1.0,2,0,0
377,1.0,1.0,1.0,1.0,2,0,0
378,1.0,1.0,1.0,1.0,1,0,0
379,0.0,0.0,0.0,0.9996485061511423,0,0,1
380,0.0,0.0,0.0,0.9992970123022847,0,0,2
381,1.0,1.0,1.0,1.0,1,0,0
382,0.0,0.0,0.0,0.9992970123022847,0,2,0
383,0.5,1.0,0.6666666666666666,0.9996485061511423,1,1,0
384,0.0,0.0,0.0,0.9992970123022847,0,0,2
385,0.0,0.0,0.0,0.9996485061511423,0,1,0
386,0.0,0.0,0.0,0.9996485061511423,0,0,1
387,1.0,1.0,1.0,1.0,1,0,0
388,0.0,0.0,0.0,0.9996485061511423,0,1,0
389,0.0,0.0,0.0,0.9992970123022847,0,0,2
390,0.6666666666666666,1.0,0.8,0.9996485061511423,2,1,0
391,0.0,0.0,0.0,0.9992970123022847,0,0,2
392,0.0,0.0,0.0,0.9992970123022847,0,1,1
393,1.0,1.0,1.0,1.0,1,0,0
394,1.0,1.0,1.0,1.0,2,0,0
395,0.0,0.0,0.0,0.998945518453427,0,2,1
396,1.0,0.5,0.6666666666666666,0.9996485061511423,1,0,1
397,0.0,0.0,0.0,1.0,0,0,0
398,0.0,0.0,0.0,0.998945518453427,0,1,2
399,0.0,0.0,0.0,1.0,0,0,0
400,0.0,0.0,0.0,0.9992970123022847,0,0,2
401,0.0,0.0,0.0,1.0,0,0,0
402,0.0,0.0,0.0,0.998945518453427,0,2,1
403,0.5,1.0,0.6666666666666666,0.9996485061511423,1,1,0
404,0.3333333333333333,0.5,0.4,0.998945518453427,1,2,1
405,1.0,1.0,1.0,1.0,2,0,0
406,0.0,0.0,0.0,0.9996485061511423,0,0,1
407,0.0,0.0,0.0,0.9985940246045695,0,2,2
408,1.0,1.0,1.0,1.0,2,0,0
409,1.0,1.0,1.0,1.0,1,0,0
410,0.0,0.0,0.0,0.9996485061511423,0,0,1
411,0.0,0.0,0.0,0.9992970123022847,0,1,1
412,0.0,0.0,0.0,0.9996485061511423,0,0,1
413,0.0,0.0,0.0,0.9992970123022847,0,0,2
414,1.0,1.0,1.0,1.0,2,0,0
415,1.0,1.0,1.0,1.0,1,0,0
416,1.0,0.5,0.6666666666666666,0.9996485061511423,1,0,1
417,1.0,1.0,1.0,1.0,2,0,0
418,1.0,1.0,1.0,1.0,2,0,0
419,1.0,0.5,0.6666666666666666,0.9996485061511423,1,0,1
420,0.0,0.0,0.0,0.9992970123022847,0,0,2
421,0.0,0.0,0.0,0.9996485061511423,0,0,1
422,1.0,1.0,1.0,1.0,1,0,0
423,1.0,1.0,1.0,1.0,1,0,0
424,1.0,0.5,0.6666666666666666,0.9996485061511423,1,0,1
425,1.0,1.0,1.0,1.0,2,0,0
426,0.0,0.0,0.0,0.9992970123022847,0,2,0
427,0.0,0.0,0.0,0.9992970123022847,0,0,2
428,1.0,1.0,1.0,1.0,2,0,0
429,1.0,0.5,0.6666666666666666,0.9996485061511423,1,0,1
430,0.0,0.0,0.0,0.9992970123022847,0,0,2
431,0.0,0.0,0.0,0.9996485061511423,0,0,1
432,0.0,0.0,0.0,1.0,0,0,0
433,0.0,0.0,0.0,0.9992970123022847,0,1,1
434,0.0,0.0,0.0,0.9996485061511423,0,0,1
435,0.0,0.0,0.0,0.9996485061511423,0,0,1
436,0.0,0.0,0.0,0.9996485061511423,0,0,1
437,0.5,0.5,0.5,0.9992970123022847,1,1,1
438,0.0,0.0,0.0,0.998945518453427,0,1,2
439,1.0,0.5,0.6666666666666666,0.9996485061511423,1,0,1
440,0.0,0.0,0.0,0.998945518453427,0,1,2
441,0.5,1.0,0.6666666666666666,0.9996485061511423,1,1,0
442,1.0,0.5,0.6666666666666666,0.9996485061511423,1,0,1
443,1.0,0.5,0.6666666666666666,0.9996485061511423,1,0,1
444,0.0,0.0,0.0,0.9996485061511423,0,1,0
445,1.0,1.0,1.0,1.0,1,0,0
446,1.0,1.0,1.0,1.0,1,0,0
447,1.0,1.0,1.0,1.0,1,0,0
448,1.0,1.0,1.0,1.0,2,0,0
449,0.0,0.0,0.0,0.9996485061511423,0,0,1
450,0.0,0.0,0.0,1.0,0,0,0
451,0.0,0.0,0.0,0.998945518453427,0,1,2
452,0.0,0.0,0.0,0.9996485061511423,0,0,1
453,0.0,0.0,0.0,0.9992970123022847,0,0,2
454,0.0,0.0,0.0,0.998945518453427,0,1,2
455,0.6666666666666666,1.0,0.8,0.9996485061511423,2,1,0
456,1.0,0.5,0.6666666666666666,0.9996485061511423,1,0,1
457,0.0,0.0,0.0,0.998945518453427,0,1,2
458,0.0,0.0,0.0,0.998945518453427,0,1,2
459,1.0,1.0,1.0,1.0,1,0,0
460,0.0,0.0,0.0,0.9992970123022847,0,0,2
461,0.0,0.0,0.0,0.998945518453427,0,1,2
462,1.0,1.0,1.0,1.0,2,0,0
463,0.0,0.0,0.0,0.9996485061511423,0,1,0
464,1.0,1.0,1.0,1.0,2,0,0
465,1.0,1.0,1.0,1.0,1,0,0
466,0.0,0.0,0.0,1.0,0,0,0
467,0.0,0.0,0.0,1.0,0,0,0
468,0.0,0.0,0.0,0.9996485061511423,0,1,0
469,0.0,0.0,0.0,0.9992970123022847,0,1,1
470,0.3333333333333333,1.0,0.5,0.9992970123022847,1,2,0
471,0.0,0.0,0.0,0.9996485061511423,0,1,0
472,0.0,0.0,0.0,1.0,0,0,0
473,1.0,0.5,0.6666666666666666,0.9996485061511423,1,0,1
474,0.0,0.0,0.0,0.9985940246045695,0,3,1
475,0.0,0.0,0.0,0.9992970123022847,0,0,2
476,0.5,1.0,0.6666666666666666,0.9996485061511423,1,1,0
477,0.0,0.0,0.0,0.998945518453427,0,1,2
478,0.0,0.0,0.0,0.9996485061511423,0,0,1
479,0.0,0.0,0.0,1.0,0,0,0
480,0.0,0.0,0.0,0.9996485061511423,0,0,1
481,0.0,0.0,0.0,0.9996485061511423,0,0,1
482,0.0,0.0,0.0,1.0,0,0,0
483,0.5,1.0,0.6666666666666666,0.9996485061511423,1,1,0
484,0.0,0.0,0.0,0.9996485061511423,0,0,1
485,0.0,0.0,0.0,0.9992970123022847,0,1,1
486,1.0,1.0,1.0,1.0,1,0,0
487,0.0,0.0,0.0,0.9992970123022847,0,0,2
488,0.0,0.0,0.0,0.9996485061511423,0,0,1
489,1.0,0.5,0.6666666666666666,0.9996485061511423,1,0,1
490,0.0,0.0,0.0,0.9996485061511423,0,0,1
491,0.0,0.0,0.0,0.9996485061511423,0,0,1
492,0.5,0.5,0.5,0.9992970123022847,1,1,1
493,0.0,0.0,0.0,1.0,0,0,0
494,0.5,1.0,0.6666666666666666,0.9996485061511423,1,1,0
495,0.0,0.0,0.0,0.9992970123022847,0,0,2
496,1.0,1.0,1.0,1.0,1,0,0
497,1.0,0.5,0.6666666666666666,0.9996485061511423,1,0,1
498,0.0,0.0,0.0,0.9996485061511423,0,0,1
499,1.0,1.0,1.0,1.0,1,0,0
500,0.0,0.0,0.0,0.9996485061511423,0,1,0
501,1.0,1.0,1.0,1.0,1,0,0
502,0.0,0.0,0.0,0.9996485061511423,0,0,1
503,1.0,1.0,1.0,1.0,1,0,0
504,1.0,1.0,1.0,1.0,1,0,0
505,1.0,1.0,1.0,1.0,1,0,0
506,0.0,0.0,0.0,0.9996485061511423,0,0,1
507,1.0,1.0,1.0,1.0,1,0,0
508,0.0,0.0,0.0,1.0,0,0,0
509,0.0,0.0,0.0,0.9992970123022847,0,1,1
510,0.0,0.0,0.0,1.0,0,0,0
511,0.0,0.0,0.0,0.9996485061511423,0,0,1
512,0.2,1.0,0.33333333333333337,0.9985940246045695,1,4,0
513,0.0,0.0,0.0,0.9992970123022847,0,0,2
514,1.0,1.0,1.0,1.0,1,0,0
515,0.0,0.0,0.0,1.0,0,0,0
516,0.3333333333333333,1.0,0.5,0.9992970123022847,1,2,0
517,0.0,0.0,0.0,0.9996485061511423,0,1,0
518,0.6666666666666666,1.0,0.8,0.9996485061511423,2,1,0
519,0.0,0.0,0.0,0.9996485061511423,0,1,0
520,0.0,0.0,0.0,0.9996485061511423,0,0,1
521,1.0,0.5,0.6666666666666666,0.9996485061511423,1,0,1
522,1.0,1.0,1.0,1.0,2,0,0
523,1.0,1.0,1.0,1.0,1,0,0
524,0.0,0.0,0.0,0.9992970123022847,0,0,2
525,0.0,0.0,0.0,1.0,0,0,0
526,0.5,0.5,0.5,0.9992970123022847,1,1,1
527,0.0,0.0,0.0,1.0,0,0,0
528,0.0,0.0,0.0,0.9992970123022847,0,0,2
529,1.0,1.0,1.0,1.0,1,0,0
530,1.0,0.5,0.6666666666666666,0.9996485061511423,1,0,1
531,0.0,0.0,0.0,1.0,0,0,0
532,0.0,0.0,0.0,0.9996485061511423,0,1,0
533,1.0,0.5,0.6666666666666666,0.9996485061511423,1,0,1
534,1.0,1.0,1.0,1.0,1,0,0
535,0.0,0.0,0.0,0.9996485061511423,0,0,1
536,0.0,0.0,0.0,1.0,0,0,0
537,0.0,0.0,0.0,0.9992970123022847,0,0,2
538,1.0,1.0,1.0,1.0,1,0,0
539,1.0,1.0,1.0,1.0,2,0,0
540,1.0,1.0,1.0,1.0,1,0,0
541,0.5,1.0,0.6666666666666666,0.9996485061511423,1,1,0
542,1.0,1.0,1.0,1.0,1,0,0
543,0.3333333333333333,1.0,0.5,0.9992970123022847,1,2,0
544,0.0,0.0,0.0,0.9996485061511423,0,0,1
545,0.0,0.0,0.0,0.9985940246045695,0,2,2
546,0.0,0.0,0.0,0.9996485061511423,0,0,1
547,0.0,0.0,0.0,0.9996485061511423,0,1,0
548,0.0,0.0,0.0,1.0,0,0,0
549,1.0,0.5,0.6666666666666666,0.9996485061511423,1,0,1
550,1.0,1.0,1.0,1.0,1,0,0
551,0.0,0.0,0.0,0.9992970123022847,0,1,1
552,1.0,0.5,0.6666666666666666,0.9996485061511423,1,0,1
553,0.0,0.0,0.0,0.9992970123022847,0,1,1
554,0.0,0.0,0.0,0.9996485061511423,0,0,1
555,0.0,0.0,0.0,0.9996485061511423,0,0,1
556,1.0,1.0,1.0,1.0,2,0,0
557,1.0,1.0,1.0,1.0,1,0,0
558,0.0,0.0,0.0,1.0,0,0,0
559,0.0,0.0,0.0,1.0,0,0,0
560,0.5,1.0,0.6666666666666666,0.9996485061511423,1,1,0
561,0.0,0.0,0.0,1.0,0,0,0
562,1.0,0.5,0.6666666666666666,0.9996485061511423,1,0,1
563,0.0,0.0,0.0,0.9992970123022847,0,1,1
564,1.0,1.0,1.0,1.0,1,0,0
565,1.0,0.5,0.6666666666666666,0.9996485061511423,1,0,1
566,0.0,0.0,0.0,0.9996485061511423,0,1,0
567,0.0,0.0,0.0,0.9996485061511423,0,0,1
568,0.0,0.0,0.0,1.0,0,0,0
569,0.3333333333333333,1.0,0.5,0.9992970123022847,1,2,0
570,1.0,1.0,1.0,1.0,1,0,0
571,0.0,0.0,0.0,1.0,0,0,0
572,1.0,1.0,1.0,1.0,1,0,0
573,0.5,1.0,0.6666666666666666,0.9996485061511423,1,1,0
574,0.0,0.0,0.0,0.9996485061511423,0,0,1
575,1.0,1.0,1.0,1.0,1,0,0
576,0.0,0.0,0.0,0.9992970123022847,0,0,2
577,0.0,0.0,0.0,0.998945518453427,0,2,1
578,0.0,0.0,0.0,0.9992970123022847,0,0,2
579,1.0,1.0,1.0,1.0,1,0,0
580,1.0,1.0,1.0,1.0,1,0,0
581,0.0,0.0,0.0,0.9992970123022847,0,0,2
582,0.5,1.0,0.6666666666666666,0.9996485061511423,1,1,0
583,0.0,0.0,0.0,0.9996485061511423,0,0,1
584,0.0,0.0,0.0,0.9992970123022847,0,1,1
585,1.0,1.0,1.0,1.0,2,0,0
586,1.0,1.0,1.0,1.0,1,0,0
587,1.0,1.0,1.0,1.0,1,0,0
588,0.0,0.0,0.0,1.0,0,0,0
589,1.0,1.0,1.0,1.0,1,0,0
590,1.0,0.5,0.6666666666666666,0.9996485061511423,1,0,1
591,0.0,0.0,0.0,0.9996485061511423,0,0,1
592,0.0,0.0,0.0,0.9996485061511423,0,0,1
593,1.0,1.0,1.0,1.0,1,0,0
594,0.0,0.0,0.0,0.998945518453427,0,2,1
595,0.0,0.0,0.0,0.9996485061511423,0,1,0
596,0.0,0.0,0.0,0.9996485061511423,0,1,0
597,0.0,0.0,0.0,1.0,0,0,0
598,0.0,0.0,0.0,0.9992970123022847,0,0,2
599,1.0,1.0,1.0,1.0,1,0,0
600,0.0,0.0,0.0,0.998945518453427,0,1,2
601,0.0,0.0,0.0,0.9992970123022847,0,0,2
602,0.0,0.0,0.0,0.9996485061511423,0,0,1
603,0.0,0.0,0.0,0.9996485061511423,0,0,1
604,0.0,0.0,0.0,0.9992970123022847,0,1,1
605,0.5,1.0,0.6666666666666666,0.9996485061511423,1,1,0
606,0.0,0.0,0.0,0.9996485061511423,0,0,1
607,0.0,0.0,0.0,0.9992970123022847,0,0,2
608,0.0,0.0,0.0,0.9992970123022847,0,1,1
609,0.0,0.0,0.0,0.9992970123022847,0,1,1
610,0.5,1.0,0.6666666666666666,0.9996485061511423,1,1,0
611,0.0,0.0,0.0,0.9992970123022847,0,0,2
612,0.0,0.0,0.0,0.9996485061511423,0,1,0
613,0.5,0.5,0.5,0.9992970123022847,1,1,1
614,0.0,0.0,0.0,0.9992970123022847,0,1,1
615,0.3333333333333333,1.0,0.5,0.9992970123022847,1,2,0
616,0.0,0.0,0.0,0.9992970123022847,0,0,2
617,1.0,1.0,1.0,1.0,1,0,0
618,0.6666666666666666,1.0,0.8,0.9996485061511423,2,1,0
619,1.0,1.0,1.0,1.0,1,0,0
620,1.0,1.0,1.0,1.0,1,0,0
621,0.0,0.0,0.0,0.9996485061511423,0,0,1
622,0.0,0.0,0.0,0.9996485061511423,0,0,1
623,0.0,0.0,0.0,0.9985940246045695,0,2,2
624,1.0,1.0,1.0,1.0,1,0,0
625,1.0,1.0,1.0,1.0,1,0,0
626,0.0,0.0,0.0,0.9992970123022847,0,0,2
627,1.0,0.5,0.6666666666666666,0.9996485061511423,1,0,1
628,1.0,0.5,0.6666666666666666,0.9996485061511423,1,0,1
629,0.0,0.0,0.0,0.9992970123022847,0,1,1
630,1.0,1.0,1.0,1.0,1,0,0
631,1.0,1.0,1.0,1.0,2,0,0
632,0.0,0.0,0.0,1.0,0,0,0
633,1.0,1.0,1.0,1.0,1,0,0
634,1.0,1.0,1.0,1.0,1,0,0
635,0.0,0.0,0.0,0.9996485061511423,0,0,1
636,1.0,1.0,1.0,1.0,1,0,0
637,0.0,0.0,0.0,0.9996485061511423,0,1,0
638,1.0,1.0,1.0,1.0,1,0,0
639,0.0,0.0,0.0,0.9996485061511423,0,1,0
640,0.5,1.0,0.6666666666666666,0.9996485061511423,1,1,0
641,0.6666666666666666,1.0,0.8,0.9996485061511423,2,1,0
642,1.0,1.0,1.0,1.0,2,0,0
643,0.0,0.0,0.0,0.9996485061511423,0,0,1
644,0.0,0.0,0.0,0.9996485061511423,0,0,1
645,0.0,0.0,0.0,1.0,0,0,0
646,1.0,1.0,1.0,1.0,1,0,0
647,1.0,0.5,0.6666666666666666,0.9996485061511423,1,0,1
648,0.0,0.0,0.0,0.9996485061511423,0,0,1
649,0.0,0.0,0.0,1.0,0,0,0
650,0.0,0.0,0.0,0.9996485061511423,0,0,1
651,1.0,1.0,1.0,1.0,1,0,0
652,0.0,0.0,0.0,1.0,0,0,0
653,1.0,1.0,1.0,1.0,1,0,0
654,0.0,0.0,0.0,0.9996485061511423,0,0,1
655,0.0,0.0,0.0,0.9992970123022847,0,1,1
656,0.0,0.0,0.0,1.0,0,0,0
657,0.0,0.0,0.0,0.9996485061511423,0,0,1
658,0.5,1.0,0.6666666666666666,0.9996485061511423,1,1,0
659,0.0,0.0,0.0,0.9992970123022847,0,2,0
660,0.0,0.0,0.0,1.0,0,0,0
661,0.0,0.0,0.0,0.9992970123022847,0,1,1
662,1.0,1.0,1.0,1.0,1,0,0
663,1.0,1.0,1.0,1.0,1,0,0
664,0.0,0.0,0.0,0.9996485061511423,0,0,1
665,0.0,0.0,0.0,0.9992970123022847,0,1,1
666,1.0,1.0,1.0,1.0,1,0,0
667,0.0,0.0,0.0,0.9996485061511423,0,0,1
668,0.5,1.0,0.6666666666666666,0.9996485061511423,1,1,0
669,0.5,1.0,0.6666666666666666,0.9996485061511423,1,1,0
670,1.0,1.0,1.0,1.0,1,0,0
671,0.5,0.5,0.5,0.9992970123022847,1,1,1
672,0.0,0.0,0.0,0.9992970123022847,0,2,0
673,1.0,1.0,1.0,1.0,1,0,0
674,0.0,0.0,0.0,0.9996485061511423,0,0,1
675,1.0,1.0,1.0,1.0,1,0,0
676,1.0,0.5,0.6666666666666666,0.9996485061511423,1,0,1
677,1.0,1.0,1.0,1.0,1,0,0
678,0.0,0.0,0.0,0.9996485061511423,0,0,1
679,0.0,0.0,0.0,0.9996485061511423,0,0,1
680,0.0,0.0,0.0,0.9992970123022847,0,1,1
681,0.0,0.0,0.0,1.0,0,0,0
682,0.0,0.0,0.0,1.0,0,0,0
683,0.0,0.0,0.0,0.9996485061511423,0,0,1
684,0.0,0.0,0.0,0.9996485061511423,0,0,1
685,0.0,0.0,0.0,0.9992970123022847,0,1,1
686,0.0,0.0,0.0,0.9996485061511423,0,1,0
687,0.0,0.0,0.0,0.9996485061511423,0,0,1
688,0.0,0.0,0.0,0.9996485061511423,0,0,1
689,0.0,0.0,0.0,0.9996485061511423,0,0,1
690,0.0,0.0,0.0,0.998945518453427,0,2,1
691,0.0,0.0,0.0,0.9992970123022847,0,2,0
692,0.0,0.0,0.0,0.9992970123022847,0,1,1
693,0.0,0.0,0.0,0.9996485061511423,0,0,1
694,0.0,0.0,0.0,0.9992970123022847,0,0,2
695,1.0,1.0,1.0,1.0,1,0,0
696,0.0,0.0,0.0,0.998945518453427,0,2,1
697,0.3333333333333333,1.0,0.5,0.9992970123022847,1,2,0
698,0.0,0.0,0.0,0.9996485061511423,0,0,1
699,0.0,0.0,0.0,1.0,0,0,0
700,0.0,0.0,0.0,1.0,0,0,0
701,0.0,0.0,0.0,0.9992970123022847,0,1,1
702,0.0,0.0,0.0,0.9992970123022847,0,1,1
703,1.0,1.0,1.0,1.0,1,0,0
704,0.5,1.0,0.6666666666666666,0.9996485061511423,1,1,0
705,1.0,1.0,1.0,1.0,1,0,0
706,0.0,0.0,0.0,0.9996485061511423,0,0,1
707,1.0,1.0,1.0,1.0,1,0,0
708,0.0,0.0,0.0,0.9996485061511423,0,0,1
709,0.0,0.0,0.0,1.0,0,0,0
710,0.0,0.0,0.0,1.0,0,0,0
711,0.0,0.0,0.0,0.9992970123022847,0,0,2
712,0.0,0.0,0.0,1.0,0,0,0
713,0.0,0.0,0.0,0.9996485061511423,0,0,1
714,0.3333333333333333,1.0,0.5,0.9992970123022847,1,2,0
715,0.0,0.0,0.0,0.9996485061511423,0,0,1
716,1.0,1.0,1.0,1.0,1,0,0
717,0.0,0.0,0.0,0.9996485061511423,0,0,1
718,0.0,0.0,0.0,0.9992970123022847,0,1,1
719,1.0,1.0,1.0,1.0,1,0,0
720,0.0,0.0,0.0,0.9992970123022847,0,1,1
721,0.5,1.0,0.6666666666666666,0.9996485061511423,1,1,0
722,0.0,0.0,0.0,0.9992970123022847,0,1,1
723,1.0,1.0,1.0,1.0,1,0,0
724,0.0,0.0,0.0,1.0,0,0,0
725,0.0,0.0,0.0,0.9992970123022847,0,1,1
726,0.0,0.0,0.0,0.9996485061511423,0,1,0
727,1.0,0.5,0.6666666666666666,0.9996485061511423,1,0,1
728,0.0,0.0,0.0,1.0,0,0,0
729,1.0,0.5,0.6666666666666666,0.9996485061511423,1,0,1
730,0.0,0.0,0.0,0.9996485061511423,0,0,1
731,0.5,1.0,0.6666666666666666,0.9996485061511423,1,1,0
732,0.0,0.0,0.0,0.9996485061511423,0,0,1
733,0.0,0.0,0.0,0.9996485061511423,0,0,1
734,0.0,0.0,0.0,1.0,0,0,0
735,0.0,0.0,0.0,1.0,0,0,0
736,0.0,0.0,0.0,1.0,0,0,0
737,1.0,1.0,1.0,1.0,1,0,0
738,1.0,1.0,1.0,1.0,1,0,0
739,0.0,0.0,0.0,0.9996485061511423,0,0,1
740,0.5,1.0,0.6666666666666666,0.9996485061511423,1,1,0
741,0.0,0.0,0.0,0.9992970123022847,0,0,2
742,1.0,1.0,1.0,1.0,1,0,0
743,0.0,0.0,0.0,0.9996485061511423,0,0,1
744,0.5,1.0,0.6666666666666666,0.9996485061511423,1,1,0
745,0.0,0.0,0.0,1.0,0,0,0
746,0.0,0.0,0.0,0.9992970123022847,0,1,1
747,0.0,0.0,0.0,0.9996485061511423,0,0,1
748,0.0,0.0,0.0,1.0,0,0,0
749,0.5,1.0,0.6666666666666666,0.9996485061511423,1,1,0
750,0.5,1.0,0.6666666666666666,0.9996485061511423,1,1,0
751,0.0,0.0,0.0,1.0,0,0,0
752,1.0,1.0,1.0,1.0,1,0,0
753,0.0,0.0,0.0,0.9996485061511423,0,0,1
754,0.5,1.0,0.6666666666666666,0.9996485061511423,1,1,0
755,0.5,1.0,0.6666666666666666,0.9996485061511423,1,1,0
756,0.0,0.0,0.0,0.9996485061511423,0,0,1
757,0.0,0.0,0.0,0.9996485061511423,0,0,1
758,0.0,0.0,0.0,0.9992970123022847,0,0,2
759,0.0,0.0,0.0,0.9996485061511423,0,0,1
760,0.0,0.0,0.0,1.0,0,0,0
761,0.0,0.0,0.0,0.9996485061511423,0,0,1
762,0.0,0.0,0.0,0.9996485061511423,0,0,1
763,0.0,0.0,0.0,0.9996485061511423,0,0,1
764,0.0,0.0,0.0,0.9996485061511423,0,1,0
765,0.0,0.0,0.0,0.9996485061511423,0,0,1
766,0.0,0.0,0.0,1.0,0,0,0
767,1.0,1.0,1.0,1.0,1,0,0
768,0.3333333333333333,1.0,0.5,0.9992970123022847,1,2,0
769,0.0,0.0,0.0,1.0,0,0,0
770,0.0,0.0,0.0,0.9996485061511423,0,0,1
771,0.0,0.0,0.0,0.9992970123022847,0,1,1
772,0.0,0.0,0.0,0.9992970123022847,0,1,1
773,0.0,0.0,0.0,0.9992970123022847,0,1,1
774,0.5,1.0,0.6666666666666666,0.9996485061511423,1,1,0
775,0.0,0.0,0.0,0.9996485061511423,0,1,0
776,0.0,0.0,0.0,0.9996485061511423,0,0,1
777,0.0,0.0,0.0,0.9996485061511423,0,1,0
778,0.0,0.0,0.0,0.9996485061511423,0,0,1
779,0.0,0.0,0.0,0.9996485061511423,0,0,1
780,0.0,0.0,0.0,1.0,0,0,0
781,0.0,0.0,0.0,0.9992970123022847,0,2,0
782,0.0,0.0,0.0,1.0,0,0,0
783,0.0,0.0,0.0,1.0,0,0,0
784,0.0,0.0,0.0,1.0,0,0,0
785,1.0,1.0,1.0,1.0,1,0,0
786,0.0,0.0,0.0,0.998945518453427,0,2,1
787,0.5,1.0,0.6666666666666666,0.9996485061511423,1,1,0
788,0.0,0.0,0.0,1.0,0,0,0
789,1.0,1.0,1.0,1.0,1,0,0
790,1.0,1.0,1.0,1.0,1,0,0
791,0.0,0.0,0.0,0.9996485061511423,0,0,1
792,0.0,0.0,0.0,0.9992970123022847,0,1,1
793,0.0,0.0,0.0,0.9996485061511423,0,0,1
794,1.0,1.0,1.0,1.0,1,0,0
795,0.0,0.0,0.0,0.9996485061511423,0,0,1
796,0.0,0.0,0.0,0.9996485061511423,0,0,1
797,1.0,1.0,1.0,1.0,1,0,0
798,1.0,1.0,1.0,1.0,1,0,0
799,0.0,0.0,0.0,0.9996485061511423,0,0,1
800,1.0,1.0,1.0,1.0,1,0,0
801,0.0,0.0,0.0,0.9996485061511423,0,1,0
802,0.0,0.0,0.0,0.9996485061511423,0,0,1
803,0.0,0.0,0.0,1.0,0,0,0
804,0.0,0.0,0.0,1.0,0,0,0
805,0.0,0.0,0.0,1.0,0,0,0
806,0.0,0.0,0.0,0.9996485061511423,0,1,0
807,0.0,0.0,0.0,1.0,0,0,0
808,0.0,0.0,0.0,1.0,0,0,0
809,0.0,0.0,0.0,1.0,0,0,0
810,0.0,0.0,0.0,1.0,0,0,0
811,0.0,0.0,0.0,1.0,0,0,0
812,0.0,0.0,0.0,0.9996485061511423,0,1,0
813,1.0,1.0,1.0,1.0,1,0,0
814,0.0,0.0,0.0,1.0,0,0,0
815,0.0,0.0,0.0,0.9996485061511423,0,1,0
816,1.0,1.0,1.0,1.0,1,0,0
817,0.0,0.0,0.0,0.9996485061511423,0,1,0
818,0.0,0.0,0.0,1.0,0,0,0
819,0.0,0.0,0.0,0.9996485061511423,0,0,1
820,0.0,0.0,0.0,1.0,0,0,0
821,0.0,0.0,0.0,0.9996485061511423,0,1,0
822,0.0,0.0,0.0,1.0,0,0,0
823,0.0,0.0,0.0,1.0,0,0,0
824,0.0,0.0,0.0,0.9996485061511423,0,1,0
825,0.0,0.0,0.0,1.0,0,0,0
826,0.0,0.0,0.0,1.0,0,0,0
827,0.0,0.0,0.0,0.9996485061511423,0,0,1
828,0.0,0.0,0.0,0.9992970123022847,0,1,1
829,0.0,0.0,0.0,1.0,0,0,0
830,1.0,1.0,1.0,1.0,1,0,0
831,0.0,0.0,0.0,1.0,0,0,0
832,0.0,0.0,0.0,0.9996485061511423,0,0,1
833,0.0,0.0,0.0,0.9992970123022847,0,1,1
834,0.0,0.0,0.0,1.0,0,0,0
835,0.0,0.0,0.0,0.9996485061511423,0,1,0
836,0.0,0.0,0.0,1.0,0,0,0
837,0.0,0.0,0.0,1.0,0,0,0
838,0.0,0.0,0.0,0.9996485061511423,0,0,1
839,1.0,1.0,1.0,1.0,1,0,0
840,0.0,0.0,0.0,1.0,0,0,0
841,0.0,0.0,0.0,1.0,0,0,0
842,0.0,0.0,0.0,1.0,0,0,0
843,0.5,1.0,0.6666666666666666,0.9996485061511423,1,1,0
844,0.0,0.0,0.0,0.9996485061511423,0,1,0
845,0.0,0.0,0.0,1.0,0,0,0
846,0.0,0.0,0.0,1.0,0,0,0
847,0.0,0.0,0.0,0.9992970123022847,0,1,1
848,0.5,1.0,0.6666666666666666,0.9996485061511423,1,1,0
849,0.0,0.0,0.0,0.9996485061511423,0,1,0
850,0.0,0.0,0.0,1.0,0,0,0
851,0.0,0.0,0.0,1.0,0,0,0
852,0.0,0.0,0.0,1.0,0,0,0
853,0.0,0.0,0.0,1.0,0,0,0
854,0.0,0.0,0.0,0.9996485061511423,0,1,0
855,0.0,0.0,0.0,1.0,0,0,0
856,0.0,0.0,0.0,1.0,0,0,0
857,0.0,0.0,0.0,0.9992970123022847,0,2,0
858,0.0,0.0,0.0,1.0,0,0,0
859,0.0,0.0,0.0,1.0,0,0,0
860,0.0,0.0,0.0,1.0,0,0,0
861,0.0,0.0,0.0,1.0,0,0,0
862,0.0,0.0,0.0,0.9996485061511423,0,1,0
863,1.0,1.0,1.0,1.0,1,0,0
864,0.0,0.0,0.0,0.9996485061511423,0,1,0
865,1.0,1.0,1.0,1.0,1,0,0
866,0.0,0.0,0.0,1.0,0,0,0
867,0.0,0.0,0.0,1.0,0,0,0
868,0.5,1.0,0.6666666666666666,0.9996485061511423,1,1,0
869,0.0,0.0,0.0,0.9996485061511423,0,1,0
870,0.0,0.0,0.0,1.0,0,0,0
871,1.0,1.0,1.0,1.0,1,0,0
872,0.0,0.0,0.0,1.0,0,0,0
873,0.0,0.0,0.0,1.0,0,0,0
874,0.0,0.0,0.0,1.0,0,0,0
875,0.0,0.0,0.0,1.0,0,0,0
876,0.0,0.0,0.0,0.9996485061511423,0,0,1
877,0.0,0.0,0.0,1.0,0,0,0
878,0.0,0.0,0.0,1.0,0,0,0
879,0.0,0.0,0.0,0.9996485061511423,0,1,0
880,0.0,0.0,0.0,0.9996485061511423,0,0,1
881,0.0,0.0,0.0,0.9996485061511423,0,0,1
882,1.0,1.0,1.0,1.0,1,0,0
883,0.0,0.0,0.0,1.0,0,0,0
884,0.0,0.0,0.0,0.9996485061511423,0,0,1
885,0.5,1.0,0.6666666666666666,0.9996485061511423,1,1,0
886,0.0,0.0,0.0,1.0,0,0,0
887,0.0,0.0,0.0,0.9985940246045695,0,3,1
888,0.0,0.0,0.0,0.9992970123022847,0,1,1
889,0.0,0.0,0.0,1.0,0,0,0
890,0.0,0.0,0.0,0.998945518453427,0,2,1
891,0.0,0.0,0.0,0.9996485061511423,0,0,1
892,0.0,0.0,0.0,0.9996485061511423,0,0,1
893,0.0,0.0,0.0,1.0,0,0,0
894,1.0,1.0,1.0,1.0,1,0,0
895,1.0,0.5,0.6666666666666666,0.9996485061511423,1,0,1
896,0.3333333333333333,0.5,0.4,0.998945518453427,1,2,1
897,0.0,0.0,0.0,0.9992970123022847,0,1,1
898,0.5,1.0,0.6666666666666666,0.9996485061511423,1,1,0
899,0.0,0.0,0.0,0.9992970123022847,0,1,1
900,0.0,0.0,0.0,0.9992970123022847,0,2,0
901,0.0,0.0,0.0,0.9996485061511423,0,0,1
902,1.0,1.0,1.0,1.0,1,0,0
903,0.0,0.0,0.0,1.0,0,0,0
904,0.0,0.0,0.0,0.9996485061511423,0,0,1
905,0.0,0.0,0.0,1.0,0,0,0
906,1.0,1.0,1.0,1.0,1,0,0
907,0.0,0.0,0.0,1.0,0,0,0
908,1.0,1.0,1.0,1.0,1,0,0
909,0.0,0.0,0.0,0.9996485061511423,0,1,0
910,1.0,1.0,1.0,1.0,1,0,0
911,0.0,0.0,0.0,1.0,0,0,0
912,0.0,0.0,0.0,1.0,0,0,0
913,0.0,0.0,0.0,1.0,0,0,0
914,1.0,1.0,1.0,1.0,1,0,0
915,0.0,0.0,0.0,1.0,0,0,0
916,0.0,0.0,0.0,0.9996485061511423,0,1,0
917,0.0,0.0,0.0,1.0,0,0,0
918,0.5,1.0,0.6666666666666666,0.9996485061511423,1,1,0
919,0.0,0.0,0.0,1.0,0,0,0
920,0.0,0.0,0.0,1.0,0,0,0
921,0.0,0.0,0.0,0.9996485061511423,0,1,0
922,1.0,1.0,1.0,1.0,1,0,0
923,0.0,0.0,0.0,1.0,0,0,0
924,0.0,0.0,0.0,1.0,0,0,0
925,0.5,1.0,0.6666666666666666,0.9996485061511423,1,1,0
926,0.0,0.0,0.0,0.9996485061511423,0,1,0
927,0.0,0.0,0.0,1.0,0,0,0
928,0.0,0.0,0.0,0.9992970123022847,0,2,0
929,1.0,1.0,1.0,1.0,1,0,0
930,0.0,0.0,0.0,1.0,0,0,0
931,0.5,1.0,0.6666666666666666,0.9996485061511423,1,1,0
932,0.0,0.0,0.0,0.9996485061511423,0,1,0
933,1.0,1.0,1.0,1.0,1,0,0
934,0.0,0.0,0.0,1.0,0,0,0
935,0.0,0.0,0.0,1.0,0,0,0
936,0.0,0.0,0.0,0.9996485061511423,0,0,1
937,0.0,0.0,0.0,0.9996485061511423,0,1,0
938,0.0,0.0,0.0,1.0,0,0,0
939,0.0,0.0,0.0,1.0,0,0,0
940,0.0,0.0,0.0,0.9992970123022847,0,1,1
941,0.0,0.0,0.0,1.0,0,0,0
942,0.0,0.0,0.0,0.9996485061511423,0,0,1
943,0.0,0.0,0.0,1.0,0,0,0
944,0.0,0.0,0.0,0.9996485061511423,0,1,0
945,0.0,0.0,0.0,1.0,0,0,0
946,0.0,0.0,0.0,1.0,0,0,0
947,0.0,0.0,0.0,0.9992970123022847,0,1,1
948,1.0,1.0,1.0,1.0,1,0,0
949,0.0,0.0,0.0,0.998945518453427,0,2,1
950,0.0,0.0,0.0,1.0,0,0,0
951,0.0,0.0,0.0,1.0,0,0,0
952,0.0,0.0,0.0,0.9992970123022847,0,1,1
953,0.0,0.0,0.0,0.9996485061511423,0,1,0
954,0.0,0.0,0.0,0.9996485061511423,0,0,1
955,0.0,0.0,0.0,1.0,0,0,0
956,0.0,0.0,0.0,1.0,0,0,0
957,0.0,0.0,0.0,1.0,0,0,0
958,0.0,0.0,0.0,1.0,0,0,0
959,0.0,0.0,0.0,1.0,0,0,0
960,0.0,0.0,0.0,1.0,0,0,0
961,0.0,0.0,0.0,1.0,0,0,0
962,0.0,0.0,0.0,0.9996485061511423,0,0,1
963,0.0,0.0,0.0,1.0,0,0,0
964,0.0,0.0,0.0,1.0,0,0,0
965,0.0,0.0,0.0,1.0,0,0,0
966,0.0,0.0,0.0,0.9996485061511423,0,1,0
967,0.0,0.0,0.0,0.9996485061511423,0,0,1
968,0.0,0.0,0.0,0.9996485061511423,0,0,1
969,0.0,0.0,0.0,0.9996485061511423,0,0,1
970,1.0,1.0,1.0,1.0,1,0,0
971,0.0,0.0,0.0,1.0,0,0,0
972,0.0,0.0,0.0,0.998945518453427,0,2,1
973,0.0,0.0,0.0,0.9992970123022847,0,2,0
974,0.0,0.0,0.0,1.0,0,0,0
975,0.0,0.0,0.0,0.9992970123022847,0,1,1
976,0.0,0.0,0.0,1.0,0,0,0
977,0.0,0.0,0.0,0.9992970123022847,0,2,0
978,0.0,0.0,0.0,1.0,0,0,0
979,0.0,0.0,0.0,0.998945518453427,0,2,1
980,0.0,0.0,0.0,1.0,0,0,0
981,1.0,1.0,1.0,1.0,1,0,0
982,0.0,0.0,0.0,0.9996485061511423,0,0,1
983,0.0,0.0,0.0,1.0,0,0,0
984,0.0,0.0,0.0,1.0,0,0,0
985,0.0,0.0,0.0,1.0,0,0,0
986,0.0,0.0,0.0,1.0,0,0,0
987,0.0,0.0,0.0,1.0,0,0,0
988,0.0,0.0,0.0,0.9996485061511423,0,1,0
989,0.0,0.0,0.0,1.0,0,0,0
990,0.0,0.0,0.0,1.0,0,0,0
991,1.0,1.0,1.0,1.0,1,0,0
992,1.0,1.0,1.0,1.0,1,0,0
993,0.0,0.0,0.0,0.9996485061511423,0,1,0
994,0.0,0.0,0.0,0.9996485061511423,0,0,1
995,0.0,0.0,0.0,1.0,0,0,0
996,0.0,0.0,0.0,1.0,0,0,0
997,0.0,0.0,0.0,0.9996485061511423,0,0,1
998,0.0,0.0,0.0,0.9996485061511423,0,0,1
999,0.0,0.0,0.0,1.0,0,0,0
1000,0.0,0.0,0.0,0.9996485061511423,0,1,0
1001,0.0,0.0,0.0,1.0,0,0,0
1002,0.0,0.0,0.0,1.0,0,0,0
1003,0.0,0.0,0.0,0.9996485061511423,0,0,1
1004,0.0,0.0,0.0,0.998945518453427,0,3,0
1005,0.0,0.0,0.0,1.0,0,0,0
1006,0.0,0.0,0.0,0.9992970123022847,0,2,0
1007,0.5,1.0,0.6666666666666666,0.9996485061511423,1,1,0
1008,0.0,0.0,0.0,0.9996485061511423,0,1,0
1009,1.0,1.0,1.0,1.0,1,0,0
1010,0.0,0.0,0.0,0.9996485061511423,0,1,0
1011,0.0,0.0,0.0,1.0,0,0,0
1012,0.0,0.0,0.0,1.0,0,0,0
1013,0.0,0.0,0.0,1.0,0,0,0
1014,0.0,0.0,0.0,0.998945518453427,0,2,1
1015,0.0,0.0,0.0,0.9996485061511423,0,0,1
1016,0.0,0.0,0.0,0.9996485061511423,0,0,1
1017,0.0,0.0,0.0,1.0,0,0,0
1018,0.0,0.0,0.0,1.0,0,0,0
1019,0.0,0.0,0.0,0.9992970123022847,0,1,1
1020,0.0,0.0,0.0,0.9996485061511423,0,1,0
1021,0.0,0.0,0.0,0.9996485061511423,0,1,0
1022,0.0,0.0,0.0,1.0,0,0,0
1023,0.0,0.0,0.0,0.9996485061511423,0,0,1
1024,0.0,0.0,0.0,1.0,0,0,0
1025,0.0,0.0,0.0,0.9996485061511423,0,0,1
1026,0.0,0.0,0.0,1.0,0,0,0
1027,1.0,1.0,1.0,1.0,1,0,0
1028,0.0,0.0,0.0,0.9992970123022847,0,1,1
1029,0.0,0.0,0.0,0.9992970123022847,0,1,1
1030,0.0,0.0,0.0,1.0,0,0,0
1031,0.0,0.0,0.0,0.9996485061511423,0,0,1
1032,0.0,0.0,0.0,0.9996485061511423,0,1,0
1033,0.0,0.0,0.0,1.0,0,0,0
1034,0.0,0.0,0.0,1.0,0,0,0
1035,0.25,1.0,0.4,0.998945518453427,1,3,0
1036,0.0,0.0,0.0,0.9996485061511423,0,1,0
1037,0.0,0.0,0.0,0.9996485061511423,0,1,0
1038,0.0,0.0,0.0,0.9996485061511423,0,1,0
1039,1.0,1.0,1.0,1.0,1,0,0
1040,0.0,0.0,0.0,1.0,0,0,0
1041,0.0,0.0,0.0,1.0,0,0,0
1042,0.0,0.0,0.0,1.0,0,0,0
1043,0.0,0.0,0.0,1.0,0,0,0
1044,0.5,1.0,0.6666666666666666,0.9996485061511423,1,1,0
1045,0.0,0.0,0.0,1.0,0,0,0
1046,0.0,0.0,0.0,0.9992970123022847,0,1,1
1047,0.0,0.0,0.0,0.998945518453427,0,3,0
1048,1.0,1.0,1.0,1.0,1,0,0
1049,0.0,0.0,0.0,1.0,0,0,0
1050,0.0,0.0,0.0,0.9996485061511423,0,0,1
1051,0.0,0.0,0.0,1.0,0,0,0
1052,0.0,0.0,0.0,1.0,0,0,0
1053,0.0,0.0,0.0,1.0,0,0,0
1054,1.0,1.0,1.0,1.0,1,0,0
1055,0.0,0.0,0.0,1.0,0,0,0
1056,0.0,0.0,0.0,1.0,0,0,0
1057,0.0,0.0,0.0,0.9996485061511423,0,0,1
1058,0.0,0.0,0.0,0.9996485061511423,0,1,0
1059,0.0,0.0,0.0,1.0,0,0,0
1060,1.0,1.0,1.0,1.0,1,0,0
1061,0.0,0.0,0.0,1.0,0,0,0
1062,0.0,0.0,0.0,1.0,0,0,0
1063,0.0,0.0,0.0,0.9996485061511423,0,0,1
1064,0.0,0.0,0.0,0.9996485061511423,0,1,0
1065,0.0,0.0,0.0,1.0,0,0,0
1066,0.0,0.0,0.0,0.9996485061511423,0,1,0
1067,0.0,0.0,0.0,0.9996485061511423,0,1,0
1068,0.0,0.0,0.0,0.9996485061511423,0,0,1
1069,0.0,0.0,0.0,1.0,0,0,0
1070,0.0,0.0,0.0,0.9996485061511423,0,0,1
1071,1.0,1.0,1.0,1.0,1,0,0
1072,0.0,0.0,0.0,0.9996485061511423,0,1,0
1073,0.0,0.0,0.0,1.0,0,0,0
1074,0.0,0.0,0.0,1.0,0,0,0
1075,0.0,0.0,0.0,1.0,0,0,0
1076,0.0,0.0,0.0,1.0,0,0,0
1077,0.0,0.0,0.0,0.9996485061511423,0,0,1
1078,0.0,0.0,0.0,1.0,0,0,0
1079,0.0,0.0,0.0,0.9996485061511423,0,1,0
1080,0.0,0.0,0.0,1.0,0,0,0
1081,0.0,0.0,0.0,1.0,0,0,0
1082,0.0,0.0,0.0,0.9996485061511423,0,1,0
1083,1.0,1.0,1.0,1.0,1,0,0
1084,0.0,0.0,0.0,0.9996485061511423,0,1,0
1085,0.0,0.0,0.0,1.0,0,0,0
1086,0.0,0.0,0.0,0.9996485061511423,0,0,1
1087,0.0,0.0,0.0,1.0,0,0,0
1088,1.0,1.0,1.0,1.0,1,0,0
1089,0.0,0.0,0.0,0.998945518453427,0,2,1
1090,0.0,0.0,0.0,1.0,0,0,0
1091,0.5,1.0,0.6666666666666666,0.9996485061511423,1,1,0
1092,1.0,1.0,1.0,1.0,1,0,0
1093,0.0,0.0,0.0,0.9992970123022847,0,2,0
1094,0.0,0.0,0.0,1.0,0,0,0
1095,0.0,0.0,0.0,0.9992970123022847,0,1,1
1096,0.0,0.0,0.0,1.0,0,0,0
1097,0.0,0.0,0.0,1.0,0,0,0
1098,0.0,0.0,0.0,0.9996485061511423,0,1,0
1099,0.0,0.0,0.0,1.0,0,0,0
1100,0.0,0.0,0.0,0.9996485061511423,0,1,0
1101,0.0,0.0,0.0,1.0,0,0,0
1102,0.0,0.0,0.0,0.9996485061511423,0,0,1
1103,0.0,0.0,0.0,0.9996485061511423,0,0,1
1104,0.0,0.0,0.0,1.0,0,0,0
1105,0.0,0.0,0.0,1.0,0,0,0
1106,0.0,0.0,0.0,0.9996485061511423,0,1,0
1107,0.0,0.0,0.0,0.9992970123022847,0,2,0
1108,0.0,0.0,0.0,1.0,0,0,0
1109,0.0,0.0,0.0,1.0,0,0,0
1110,1.0,1.0,1.0,1.0,1,0,0
1111,0.0,0.0,0.0,0.9996485061511423,0,0,1
1112,0.0,0.0,0.0,0.9992970123022847,0,1,1
1113,1.0,1.0,1.0,1.0,1,0,0
1114,0.0,0.0,0.0,1.0,0,0,0
1115,0.0,0.0,0.0,0.9996485061511423,0,1,0
1116,0.0,0.0,0.0,1.0,0,0,0
1117,0.0,0.0,0.0,0.9992970123022847,0,2,0
1118,0.0,0.0,0.0,1.0,0,0,0
1119,0.0,0.0,0.0,1.0,0,0,0
1120,0.0,0.0,0.0,0.9996485061511423,0,0,1
1121,0.0,0.0,0.0,1.0,0,0,0
1122,0.0,0.0,0.0,1.0,0,0,0
1123,0.0,0.0,0.0,1.0,0,0,0
1124,0.0,0.0,0.0,1.0,0,0,0
1125,0.0,0.0,0.0,0.9992970123022847,0,1,1
1126,0.0,0.0,0.0,0.9996485061511423,0,0,1
1127,0.0,0.0,0.0,1.0,0,0,0
1128,0.0,0.0,0.0,1.0,0,0,0
1129,0.0,0.0,0.0,1.0,0,0,0
1130,0.0,0.0,0.0,0.9996485061511423,0,0,1
1131,0.0,0.0,0.0,1.0,0,0,0
1132,0.0,0.0,0.0,1.0,0,0,0
1133,0.0,0.0,0.0,0.9996485061511423,0,1,0
1134,0.0,0.0,0.0,1.0,0,0,0
1135,0.0,0.0,0.0,1.0,0,0,0
1136,0.0,0.0,0.0,1.0,0,0,0
1137,0.0,0.0,0.0,1.0,0,0,0
1138,0.0,0.0,0.0,1.0,0,0,0
1139,0.0,0.0,0.0,1.0,0,0,0
1140,0.0,0.0,0.0,0.9996485061511423,0,1,0
1141,0.0,0.0,0.0,0.9996485061511423,0,0,1
1142,0.0,0.0,0.0,1.0,0,0,0
1143,0.0,0.0,0.0,0.998945518453427,0,3,0
1144,0.0,0.0,0.0,0.9992970123022847,0,1,1
1145,0.0,0.0,0.0,0.9996485061511423,0,1,0
1146,0.0,0.0,0.0,0.9996485061511423,0,0,1
1147,0.0,0.0,0.0,0.9996485061511423,0,0,1
1148,0.0,0.0,0.0,0.9996485061511423,0,1,0
1149,0.0,0.0,0.0,0.9996485061511423,0,0,1
1150,0.0,0.0,0.0,1.0,0,0,0
1151,1.0,1.0,1.0,1.0,1,0,0
1152,0.0,0.0,0.0,1.0,0,0,0
1153,1.0,1.0,1.0,1.0,1,0,0
1154,0.0,0.0,0.0,1.0,0,0,0
1155,0.0,0.0,0.0,0.9996485061511423,0,1,0
1156,0.0,0.0,0.0,0.9992970123022847,0,1,1
1157,0.3333333333333333,1.0,0.5,0.9992970123022847,1,2,0
1158,0.0,0.0,0.0,0.9996485061511423,0,1,0
1159,0.0,0.0,0.0,1.0,0,0,0
1160,0.0,0.0,0.0,1.0,0,0,0
1161,0.0,0.0,0.0,1.0,0,0,0
1162,0.0,0.0,0.0,1.0,0,0,0
1163,0.0,0.0,0.0,1.0,0,0,0
1164,0.0,0.0,0.0,1.0,0,0,0
1165,1.0,1.0,1.0,1.0,1,0,0
1166,0.0,0.0,0.0,1.0,0,0,0
1167,0.0,0.0,0.0,0.9996485061511423,0,1,0
1168,0.0,0.0,0.0,1.0,0,0,0
1169,0.0,0.0,0.0,1.0,0,0,0
1170,0.0,0.0,0.0,0.9996485061511423,0,0,1
1171,1.0,1.0,1.0,1.0,1,0,0
1172,0.0,0.0,0.0,1.0,0,0,0
1173,0.0,0.0,0.0,1.0,0,0,0
1174,0.0,0.0,0.0,1.0,0,0,0
1175,0.0,0.0,0.0,1.0,0,0,0
1176,0.0,0.0,0.0,1.0,0,0,0
1177,0.0,0.0,0.0,1.0,0,0,0
1178,0.0,0.0,0.0,1.0,0,0,0
1179,0.0,0.0,0.0,0.9996485061511423,0,0,1
1180,0.0,0.0,0.0,0.9996485061511423,0,1,0
1181,0.0,0.0,0.0,0.9996485061511423,0,1,0
1182,0.0,0.0,0.0,1.0,0,0,0
1183,0.0,0.0,0.0,0.9996485061511423,0,1,0
1184,0.0,0.0,0.0,1.0,0,0,0
1185,0.0,0.0,0.0,0.9996485061511423,0,0,1
1186,0.0,0.0,0.0,1.0,0,0,0
1187,1.0,1.0,1.0,1.0,1,0,0
1188,0.0,0.0,0.0,1.0,0,0,0
1189,0.0,0.0,0.0,1.0,0,0,0
1190,0.0,0.0,0.0,1.0,0,0,0
1191,1.0,1.0,1.0,1.0,1,0,0
1192,0.0,0.0,0.0,1.0,0,0,0
1193,0.0,0.0,0.0,0.9996485061511423,0,1,0
1194,0.0,0.0,0.0,1.0,0,0,0
1195,0.0,0.0,0.0,0.9992970123022847,0,2,0
1196,0.0,0.0,0.0,0.9996485061511423,0,1,0
1197,0.0,0.0,0.0,0.9996485061511423,0,0,1
1198,0.0,0.0,0.0,0.9992970123022847,0,2,0
1199,0.0,0.0,0.0,0.9996485061511423,0,1,0
1200,0.0,0.0,0.0,0.9996485061511423,0,0,1
1201,0.0,0.0,0.0,1.0,0,0,0
1202,0.0,0.0,0.0,1.0,0,0,0
1203,0.0,0.0,0.0,0.9996485061511423,0,1,0
1204,0.0,0.0,0.0,0.9996485061511423,0,1,0
1205,0.0,0.0,0.0,0.9996485061511423,0,1,0
1206,0.0,0.0,0.0,0.9992970123022847,0,1,1
1207,0.0,0.0,0.0,1.0,0,0,0
1208,0.0,0.0,0.0,0.998945518453427,0,2,1
1209,0.0,0.0,0.0,0.9992970123022847,0,1,1
1210,1.0,1.0,1.0,1.0,1,0,0
1211,1.0,1.0,1.0,1.0,1,0,0
1212,0.0,0.0,0.0,1.0,0,0,0
1213,0.0,0.0,0.0,1.0,0,0,0
1214,0.0,0.0,0.0,0.9996485061511423,0,1,0
1215,0.0,0.0,0.0,0.9996485061511423,0,1,0
1216,0.0,0.0,0.0,0.9996485061511423,0,1,0
1217,0.0,0.0,0.0,1.0,0,0,0
1218,0.0,0.0,0.0,1.0,0,0,0
1219,0.0,0.0,0.0,1.0,0,0,0
1220,0.0,0.0,0.0,0.9996485061511423,0,1,0
1221,0.0,0.0,0.0,1.0,0,0,0
1222,0.0,0.0,0.0,1.0,0,0,0
1223,0.0,0.0,0.0,0.9996485061511423,0,1,0
1224,0.0,0.0,0.0,0.9996485061511423,0,1,0
1225,0.0,0.0,0.0,1.0,0,0,0
1226,1.0,1.0,1.0,1.0,1,0,0
1227,0.0,0.0,0.0,0.9992970123022847,0,2,0
1228,0.0,0.0,0.0,0.9992970123022847,0,1,1
1229,0.0,0.0,0.0,1.0,0,0,0
1230,0.0,0.0,0.0,1.0,0,0,0
1231,0.0,0.0,0.0,0.9992970123022847,0,2,0
1232,0.0,0.0,0.0,1.0,0,0,0
1233,0.0,0.0,0.0,0.9996485061511423,0,1,0
1234,0.0,0.0,0.0,0.9996485061511423,0,0,1
1235,0.0,0.0,0.0,1.0,0,0,0
1236,0.0,0.0,0.0,1.0,0,0,0
1237,0.0,0.0,0.0,0.9996485061511423,0,1,0
1238,0.0,0.0,0.0,1.0,0,0,0
1239,0.0,0.0,0.0,1.0,0,0,0
1240,0.0,0.0,0.0,1.0,0,0,0
1241,0.0,0.0,0.0,0.9992970123022847,0,1,1
1242,0.0,0.0,0.0,0.9996485061511423,0,1,0
1243,0.0,0.0,0.0,1.0,0,0,0
1244,0.0,0.0,0.0,0.9992970123022847,0,2,0
1245,0.0,0.0,0.0,0.9996485061511423,0,1,0
1246,0.0,0.0,0.0,1.0,0,0,0
1247,0.0,0.0,0.0,1.0,0,0,0
1248,1.0,1.0,1.0,1.0,1,0,0
1249,0.0,0.0,0.0,0.998945518453427,0,3,0
1250,0.0,0.0,0.0,0.9996485061511423,0,1,0
1251,0.0,0.0,0.0,0.9996485061511423,0,1,0
1252,0.0,0.0,0.0,0.9996485061511423,0,1,0
1253,0.0,0.0,0.0,0.9996485061511423,0,0,1
1254,0.0,0.0,0.0,0.9996485061511423,0,0,1
1255,0.0,0.0,0.0,1.0,0,0,0
1256,0.0,0.0,0.0,1.0,0,0,0
1257,0.0,0.0,0.0,1.0,0,0,0
1258,0.0,0.0,0.0,0.9996485061511423,0,1,0
1259,0.0,0.0,0.0,0.9996485061511423,0,1,0
1260,0.0,0.0,0.0,1.0,0,0,0
1261,1.0,1.0,1.0,1.0,1,0,0
1262,0.0,0.0,0.0,0.9996485061511423,0,1,0
1263,0.0,0.0,0.0,1.0,0,0,0
1264,1.0,1.0,1.0,1.0,1,0,0
1265,0.0,0.0,0.0,0.9992970123022847,0,2,0
1266,0.0,0.0,0.0,1.0,0,0,0
1267,1.0,1.0,1.0,1.0,1,0,0
1268,0.0,0.0,0.0,1.0,0,0,0
1269,0.0,0.0,0.0,1.0,0,0,0
1270,0.0,0.0,0.0,1.0,0,0,0
1271,0.0,0.0,0.0,0.9996485061511423,0,0,1
1272,0.0,0.0,0.0,0.9996485061511423,0,1,0
1273,0.0,0.0,0.0,1.0,0,0,0
1274,0.0,0.0,0.0,1.0,0,0,0
1275,0.0,0.0,0.0,1.0,0,0,0
1276,0.0,0.0,0.0,1.0,0,0,0
1277,0.0,0.0,0.0,0.9992970123022847,0,1,1
1278,0.0,0.0,0.0,1.0,0,0,0
1279,0.0,0.0,0.0,1.0,0,0,0
1280,0.0,0.0,0.0,1.0,0,0,0
1281,1.0,1.0,1.0,1.0,1,0,0
1282,0.0,0.0,0.0,0.9992970123022847,0,1,1
1283,0.3333333333333333,1.0,0.5,0.9992970123022847,1,2,0
1284,0.0,0.0,0.0,0.9992970123022847,0,1,1
1285,1.0,1.0,1.0,1.0,1,0,0
1286,1.0,1.0,1.0,1.0,1,0,0
1287,0.0,0.0,0.0,0.9996485061511423,0,0,1
1288,0.0,0.0,0.0,1.0,0,0,0
1289,0.0,0.0,0.0,1.0,0,0,0
1290,0.0,0.0,0.0,0.9996485061511423,0,0,1
1291,0.0,0.0,0.0,0.9996485061511423,0,0,1
1292,0.0,0.0,0.0,0.9996485061511423,0,0,1
1293,0.0,0.0,0.0,1.0,0,0,0
1294,0.0,0.0,0.0,0.9996485061511423,0,0,1
1295,0.0,0.0,0.0,1.0,0,0,0
1296,0.5,1.0,0.6666666666666666,0.9996485061511423,1,1,0
1297,1.0,1.0,1.0,1.0,1,0,0
1298,0.0,0.0,0.0,1.0,0,0,0
1299,0.0,0.0,0.0,0.9992970123022847,0,1,1
1300,1.0,1.0,1.0,1.0,1,0,0
1301,0.0,0.0,0.0,0.9992970123022847,0,1,1
1302,0.0,0.0,0.0,0.998945518453427,0,2,1
1303,0.0,0.0,0.0,0.9992970123022847,0,1,1
1304,0.0,0.0,0.0,0.9992970123022847,0,1,1
1305,0.0,0.0,0.0,0.9996485061511423,0,0,1
1306,1.0,1.0,1.0,1.0,1,0,0
1307,0.5,1.0,0.6666666666666666,0.9996485061511423,1,1,0
1308,0.0,0.0,0.0,0.998945518453427,0,2,1
1309,1.0,1.0,1.0,1.0,1,0,0
1310,1.0,1.0,1.0,1.0,1,0,0
1311,1.0,1.0,1.0,1.0,1,0,0
1312,0.0,0.0,0.0,0.9992970123022847,0,1,1
1313,0.0,0.0,0.0,0.9996485061511423,0,0,1
1314,0.0,0.0,0.0,0.9996485061511423,0,0,1
1315,1.0,1.0,1.0,1.0,1,0,0
1316,0.0,0.0,0.0,0.9996485061511423,0,0,1
1317,0.0,0.0,0.0,0.9996485061511423,0,0,1
1318,1.0,1.0,1.0,1.0,1,0,0
1319,0.0,0.0,0.0,0.998945518453427,0,2,1
1320,0.0,0.0,0.0,0.9996485061511423,0,0,1
1321,0.0,0.0,0.0,1.0,0,0,0
1322,0.5,1.0,0.6666666666666666,0.9996485061511423,1,1,0
1323,1.0,1.0,1.0,1.0,1,0,0
1324,0.0,0.0,0.0,0.9996485061511423,0,0,1
1325,0.0,0.0,0.0,0.9996485061511423,0,0,1
1326,0.0,0.0,0.0,0.9996485061511423,0,0,1
1327,0.0,0.0,0.0,0.9996485061511423,0,0,1
1328,1.0,1.0,1.0,1.0,1,0,0
1329,0.0,0.0,0.0,0.9996485061511423,0,0,1
1330,0.0,0.0,0.0,1.0,0,0,0
1331,0.0,0.0,0.0,1.0,0,0,0
1332,0.0,0.0,0.0,0.9996485061511423,0,0,1
1333,0.0,0.0,0.0,0.9996485061511423,0,0,1
1334,0.0,0.0,0.0,0.9996485061511423,0,0,1
1335,1.0,1.0,1.0,1.0,1,0,0
1336,0.0,0.0,0.0,1.0,0,0,0
1337,0.0,0.0,0.0,1.0,0,0,0
1338,1.0,1.0,1.0,1.0,1,0,0
1339,1.0,1.0,1.0,1.0,1,0,0
1340,0.0,0.0,0.0,0.9996485061511423,0,0,1
1341,0.0,0.0,0.0,0.9996485061511423,0,0,1
1342,1.0,1.0,1.0,1.0,1,0,0
1343,1.0,1.0,1.0,1.0,1,0,0
1344,1.0,1.0,1.0,1.0,1,0,0
1345,0.0,0.0,0.0,1.0,0,0,0
1346,0.0,0.0,0.0,0.9996485061511423,0,0,1
1347,0.0,0.0,0.0,0.9996485061511423,0,0,1
1348,0.0,0.0,0.0,0.9996485061511423,0,0,1
1349,0.0,0.0,0.0,0.9996485061511423,0,0,1
1350,1.0,1.0,1.0,1.0,1,0,0
1351,0.0,0.0,0.0,0.9996485061511423,0,0,1
1352,0.0,0.0,0.0,0.9996485061511423,0,0,1
1353,0.0,0.0,0.0,1.0,0,0,0
1354,0.0,0.0,0.0,0.9996485061511423,0,0,1
1355,0.0,0.0,0.0,0.9992970123022847,0,1,1
1356,0.0,0.0,0.0,0.9996485061511423,0,1,0
1357,0.0,0.0,0.0,0.9996485061511423,0,0,1
1358,0.0,0.0,0.0,1.0,0,0,0
1359,1.0,1.0,1.0,1.0,1,0,0
1360,0.0,0.0,0.0,0.9996485061511423,0,0,1
1361,0.5,1.0,0.6666666666666666,0.9996485061511423,1,1,0
1362,1.0,1.0,1.0,1.0,1,0,0
1363,1.0,1.0,1.0,1.0,1,0,0
1364,0.0,0.0,0.0,0.9996485061511423,0,0,1
1365,0.0,0.0,0.0,1.0,0,0,0
1366,1.0,1.0,1.0,1.0,1,0,0
1367,0.0,0.0,0.0,0.9996485061511423,0,1,0
1368,0.0,0.0,0.0,0.9992970123022847,0,1,1
1369,0.0,0.0,0.0,0.9996485061511423,0,0,1
1370,0.0,0.0,0.0,0.9996485061511423,0,0,1
1371,1.0,1.0,1.0,1.0,1,0,0
1372,0.0,0.0,0.0,0.9996485061511423,0,1,0
1373,0.0,0.0,0.0,0.9996485061511423,0,0,1
1374,0.0,0.0,0.0,0.9996485061511423,0,0,1
1375,1.0,1.0,1.0,1.0,1,0,0
1376,1.0,1.0,1.0,1.0,1,0,0
1377,0.0,0.0,0.0,0.9992970123022847,0,1,1
1378,0.0,0.0,0.0,0.9992970123022847,0,1,1
1379,0.0,0.0,0.0,0.9996485061511423,0,0,1
1380,1.0,1.0,1.0,1.0,1,0,0
1381,0.0,0.0,0.0,0.9996485061511423,0,0,1
1382,0.5,1.0,0.6666666666666666,0.9996485061511423,1,1,0
1383,1.0,1.0,1.0,1.0,1,0,0
1384,0.0,0.0,0.0,0.9992970123022847,0,1,1
1385,0.0,0.0,0.0,1.0,0,0,0
1386,0.0,0.0,0.0,1.0,0,0,0
1387,0.0,0.0,0.0,1.0,0,0,0
1388,0.0,0.0,0.0,0.9992970123022847,0,1,1
1389,0.0,0.0,0.0,0.9992970123022847,0,1,1
1390,0.0,0.0,0.0,0.9985940246045695,0,3,1
1391,0.0,0.0,0.0,0.9996485061511423,0,0,1
1392,0.0,0.0,0.0,1.0,0,0,0
1393,1.0,1.0,1.0,1.0,1,0,0
1394,1.0,1.0,1.0,1.0,1,0,0
1395,1.0,1.0,1.0,1.0,1,0,0
1396,1.0,1.0,1.0,1.0,1,0,0
1397,0.0,0.0,0.0,1.0,0,0,0
1398,0.3333333333333333,1.0,0.5,0.9992970123022847,1,2,0
1399,0.0,0.0,0.0,0.998945518453427,0,2,1
1400,0.0,0.0,0.0,0.9996485061511423,0,0,1
1401,0.0,0.0,0.0,0.9996485061511423,0,0,1
1402,0.0,0.0,0.0,0.9996485061511423,0,0,1
1403,0.0,0.0,0.0,0.9996485061511423,0,0,1
1404,0.5,1.0,0.6666666666666666,0.9996485061511423,1,1,0
1405,0.0,0.0,0.0,0.9996485061511423,0,1,0
1406,0.5,1.0,0.6666666666666666,0.9996485061511423,1,1,0
1407,0.5,1.0,0.6666666666666666,0.9996485061511423,1,1,0
1408,0.0,0.0,0.0,0.9992970123022847,0,1,1
1409,0.0,0.0,0.0,0.9992970123022847,0,1,1
1410,0.0,0.0,0.0,1.0,0,0,0
1411,0.0,0.0,0.0,0.9996485061511423,0,0,1
1412,0.0,0.0,0.0,0.9996485061511423,0,0,1
1413,1.0,1.0,1.0,1.0,1,0,0
1414,0.0,0.0,0.0,0.9992970123022847,0,2,0
1415,0.0,0.0,0.0,0.9996485061511423,0,0,1
1416,1.0,1.0,1.0,1.0,1,0,0
1417,0.0,0.0,0.0,0.9996485061511423,0,0,1
1418,0.0,0.0,0.0,0.9996485061511423,0,0,1
1419,0.0,0.0,0.0,1.0,0,0,0
1420,1.0,1.0,1.0,1.0,1,0,0
1421,0.0,0.0,0.0,0.9996485061511423,0,0,1
1422,0.0,0.0,0.0,0.9996485061511423,0,0,1
1423,0.0,0.0,0.0,1.0,0,0,0
1424,1.0,1.0,1.0,1.0,1,0,0
1425,0.0,0.0,0.0,0.9996485061511423,0,0,1
1426,0.0,0.0,0.0,0.9992970123022847,0,1,1
1427,0.0,0.0,0.0,0.9992970123022847,0,1,1
1428,1.0,1.0,1.0,1.0,1,0,0
1429,0.5,1.0,0.6666666666666666,0.9996485061511423,1,1,0
1430,1.0,1.0,1.0,1.0,1,0,0
1431,0.0,0.0,0.0,0.9996485061511423,0,0,1
1432,1.0,1.0,1.0,1.0,1,0,0
1433,0.0,0.0,0.0,0.9992970123022847,0,1,1
1434,0.0,0.0,0.0,0.9996485061511423,0,0,1
1435,0.0,0.0,0.0,0.998945518453427,0,3,0
1436,0.0,0.0,0.0,0.9996485061511423,0,0,1
1437,0.0,0.0,0.0,0.9996485061511423,0,1,0
1438,0.0,0.0,0.0,0.9996485061511423,0,0,1
1439,0.0,0.0,0.0,0.9996485061511423,0,0,1
1440,1.0,1.0,1.0,1.0,1,0,0
1441,0.0,0.0,0.0,0.9996485061511423,0,0,1
1442,0.0,0.0,0.0,1.0,0,0,0
1443,0.5,1.0,0.6666666666666666,0.9996485061511423,1,1,0
1444,1.0,1.0,1.0,1.0,1,0,0
1445,1.0,1.0,1.0,1.0,1,0,0
1446,1.0,1.0,1.0,1.0,1,0,0
1447,0.0,0.0,0.0,0.9996485061511423,0,0,1
1448,0.0,0.0,0.0,1.0,0,0,0
1449,0.0,0.0,0.0,0.9996485061511423,0,0,1
1450,0.0,0.0,0.0,0.9996485061511423,0,0,1
1451,0.0,0.0,0.0,0.9992970123022847,0,2,0
1452,1.0,1.0,1.0,1.0,1,0,0
1453,0.0,0.0,0.0,0.9992970123022847,0,1,1
1454,0.0,0.0,0.0,1.0,0,0,0
1455,1.0,1.0,1.0,1.0,1,0,0
1456,1.0,1.0,1.0,1.0,1,0,0
1457,0.0,0.0,0.0,0.9996485061511423,0,0,1
1458,0.0,0.0,0.0,0.9996485061511423,0,0,1
1459,0.0,0.0,0.0,0.9996485061511423,0,0,1
1460,0.5,1.0,0.6666666666666666,0.9996485061511423,1,1,0
1461,1.0,1.0,1.0,1.0,1,0,0
1462,0.0,0.0,0.0,0.9996485061511423,0,0,1
1463,1.0,1.0,1.0,1.0,1,0,0
1464,0.0,0.0,0.0,0.9996485061511423,0,0,1
1465,0.0,0.0,0.0,0.9992970123022847,0,1,1
1466,1.0,1.0,1.0,1.0,1,0,0
1467,0.0,0.0,0.0,0.9996485061511423,0,0,1
1468,0.0,0.0,0.0,0.9996485061511423,0,0,1
1469,0.0,0.0,0.0,0.9992970123022847,0,2,0
1470,0.5,1.0,0.6666666666666666,0.9996485061511423,1,1,0
1471,1.0,1.0,1.0,1.0,1,0,0
1472,0.0,0.0,0.0,1.0,0,0,0
1473,0.0,0.0,0.0,0.9992970123022847,0,1,1
1474,0.0,0.0,0.0,0.9996485061511423,0,0,1
1475,0.0,0.0,0.0,0.9996485061511423,0,0,1
1476,0.0,0.0,0.0,0.9996485061511423,0,0,1
1477,0.0,0.0,0.0,0.9996485061511423,0,0,1
1478,1.0,1.0,1.0,1.0,1,0,0
1479,0.5,1.0,0.6666666666666666,0.9996485061511423,1,1,0
1480,0.0,0.0,0.0,1.0,0,0,0
1481,0.0,0.0,0.0,1.0,0,0,0
1482,0.0,0.0,0.0,0.9992970123022847,0,1,1
1483,0.0,0.0,0.0,0.9996485061511423,0,0,1
1484,0.0,0.0,0.0,0.9996485061511423,0,0,1
1485,0.0,0.0,0.0,0.9992970123022847,0,2,0
1486,0.0,0.0,0.0,0.9996485061511423,0,0,1
1487,0.0,0.0,0.0,0.9996485061511423,0,0,1
1488,0.0,0.0,0.0,0.9996485061511423,0,0,1
1489,0.0,0.0,0.0,0.9996485061511423,0,0,1
1490,0.0,0.0,0.0,0.9996485061511423,0,1,0
1491,0.5,1.0,0.6666666666666666,0.9996485061511423,1,1,0
1492,0.0,0.0,0.0,0.9996485061511423,0,0,1
1493,1.0,1.0,1.0,1.0,1,0,0
1494,0.0,0.0,0.0,1.0,0,0,0
1495,0.0,0.0,0.0,1.0,0,0,0
1496,0.5,1.0,0.6666666666666666,0.9996485061511423,1,1,0
1497,0.5,1.0,0.6666666666666666,0.9996485061511423,1,1,0
1498,0.0,0.0,0.0,0.9996485061511423,0,0,1
1499,1.0,1.0,1.0,1.0,1,0,0
1500,0.0,0.0,0.0,0.9996485061511423,0,0,1
1501,0.0,0.0,0.0,0.9996485061511423,0,0,1
1502,1.0,1.0,1.0,1.0,1,0,0
1503,0.5,1.0,0.6666666666666666,0.9996485061511423,1,1,0
1504,0.0,0.0,0.0,0.9996485061511423,0,0,1
1505,0.0,0.0,0.0,0.9992970123022847,0,1,1
1506,1.0,1.0,1.0,1.0,1,0,0
1507,0.0,0.0,0.0,0.9996485061511423,0,0,1
1508,0.0,0.0,0.0,0.9996485061511423,0,0,1
1509,1.0,1.0,1.0,1.0,1,0,0
1510,0.0,0.0,0.0,0.9996485061511423,0,0,1
1511,0.0,0.0,0.0,0.9996485061511423,0,1,0
1512,0.0,0.0,0.0,0.9992970123022847,0,1,1
1513,0.0,0.0,0.0,0.9996485061511423,0,0,1
1514,0.0,0.0,0.0,0.9996485061511423,0,0,1
1515,1.0,1.0,1.0,1.0,1,0,0
1516,0.0,0.0,0.0,0.9992970123022847,0,1,1
1517,0.0,0.0,0.0,0.9996485061511423,0,0,1
1518,0.0,0.0,0.0,0.998945518453427,0,2,1
1519,1.0,1.0,1.0,1.0,1,0,0
1520,0.5,1.0,0.6666666666666666,0.9996485061511423,1,1,0
1521,0.0,0.0,0.0,1.0,0,0,0
1522,1.0,1.0,1.0,1.0,1,0,0
1523,1.0,1.0,1.0,1.0,1,0,0
1524,1.0,1.0,1.0,1.0,1,0,0
1525,0.5,1.0,0.6666666666666666,0.9996485061511423,1,1,0
1526,1.0,1.0,1.0,1.0,1,0,0
1527,0.0,0.0,0.0,1.0,0,0,0
1528,0.5,1.0,0.6666666666666666,0.9996485061511423,1,1,0
1529,0.0,0.0,0.0,0.9996485061511423,0,0,1
1530,1.0,1.0,1.0,1.0,1,0,0
1531,1.0,1.0,1.0,1.0,1,0,0
1532,1.0,1.0,1.0,1.0,1,0,0
1533,0.0,0.0,0.0,0.9996485061511423,0,0,1
1534,1.0,1.0,1.0,1.0,1,0,0
1535,1.0,1.0,1.0,1.0,1,0,0
1536,1.0,1.0,1.0,1.0,1,0,0
1537,1.0,1.0,1.0,1.0,1,0,0
1538,0.0,0.0,0.0,0.9996485061511423,0,0,1
1539,0.0,0.0,0.0,0.9996485061511423,0,1,0
1540,1.0,1.0,1.0,1.0,1,0,0
1541,0.0,0.0,0.0,0.998945518453427,0,2,1
1542,0.5,1.0,0.6666666666666666,0.9996485061511423,1,1,0
1543,0.0,0.0,0.0,1.0,0,0,0
1544,0.0,0.0,0.0,0.9996485061511423,0,1,0
1545,0.0,0.0,0.0,0.998945518453427,0,2,1
1546,0.0,0.0,0.0,0.9992970123022847,0,1,1
1547,1.0,1.0,1.0,1.0,1,0,0
1548,0.0,0.0,0.0,0.9996485061511423,0,1,0
1549,0.0,0.0,0.0,0.9992970123022847,0,1,1
1550,1.0,1.0,1.0,1.0,1,0,0
1551,1.0,1.0,1.0,1.0,1,0,0
1552,0.0,0.0,0.0,1.0,0,0,0
1553,0.5,1.0,0.6666666666666666,0.9996485061511423,1,1,0
1554,0.0,0.0,0.0,0.9992970123022847,0,1,1
1555,1.0,1.0,1.0,1.0,1,0,0
1556,1.0,1.0,1.0,1.0,1,0,0
1557,0.0,0.0,0.0,1.0,0,0,0
1558,0.0,0.0,0.0,0.9996485061511423,0,0,1
1559,0.0,0.0,0.0,1.0,0,0,0
1560,1.0,1.0,1.0,1.0,1,0,0
1561,0.0,0.0,0.0,1.0,0,0,0
1562,0.0,0.0,0.0,0.9996485061511423,0,1,0
1563,0.0,0.0,0.0,0.9996485061511423,0,0,1
1564,0.0,0.0,0.0,0.9996485061511423,0,1,0
1565,0.5,1.0,0.6666666666666666,0.9996485061511423,1,1,0
1566,0.0,0.0,0.0,1.0,0,0,0
1567,0.0,0.0,0.0,0.9992970123022847,0,1,1
1568,1.0,1.0,1.0,1.0,1,0,0
1569,0.0,0.0,0.0,0.9996485061511423,0,1,0
1570,0.0,0.0,0.0,0.9992970123022847,0,1,1
1571,0.0,0.0,0.0,0.9996485061511423,0,0,1
1572,0.5,1.0,0.6666666666666666,0.9996485061511423,1,1,0
1573,1.0,1.0,1.0,1.0,1,0,0
1574,0.0,0.0,0.0,0.9996485061511423,0,0,1
1575,1.0,1.0,1.0,1.0,1,0,0
1576,0.0,0.0,0.0,0.9996485061511423,0,0,1
1577,0.0,0.0,0.0,0.9996485061511423,0,0,1
1578,0.0,0.0,0.0,0.9996485061511423,0,0,1
1579,1.0,1.0,1.0,1.0,1,0,0
1580,0.0,0.0,0.0,0.998945518453427,0,2,1
1581,0.0,0.0,0.0,0.9996485061511423,0,0,1
1582,1.0,1.0,1.0,1.0,1,0,0
1583,0.0,0.0,0.0,0.9996485061511423,0,0,1
1584,1.0,1.0,1.0,1.0,1,0,0
1585,0.0,0.0,0.0,0.9992970123022847,0,2,0
1586,1.0,1.0,1.0,1.0,1,0,0
1587,0.0,0.0,0.0,1.0,0,0,0
1588,0.0,0.0,0.0,0.9996485061511423,0,0,1
1589,0.0,0.0,0.0,0.9992970123022847,0,1,1
1590,1.0,1.0,1.0,1.0,1,0,0
1591,0.0,0.0,0.0,1.0,0,0,0
1592,0.0,0.0,0.0,0.9992970123022847,0,1,1
1593,1.0,1.0,1.0,1.0,1,0,0
1594,0.0,0.0,0.0,0.9996485061511423,0,0,1
1595,0.0,0.0,0.0,0.9985940246045695,0,3,1
1596,0.0,0.0,0.0,0.9992970123022847,0,1,1
1597,0.0,0.0,0.0,0.9996485061511423,0,0,1
1598,1.0,1.0,1.0,1.0,1,0,0
1599,1.0,1.0,1.0,1.0,1,0,0
1600,0.0,0.0,0.0,0.9996485061511423,0,1,0
1601,0.5,1.0,0.6666666666666666,0.9996485061511423,1,1,0
1602,0.0,0.0,0.0,0.998945518453427,0,2,1
1603,0.0,0.0,0.0,0.9992970123022847,0,2,0
1604,0.0,0.0,0.0,0.9996485061511423,0,0,1
1605,1.0,1.0,1.0,1.0,1,0,0
1606,0.5,1.0,0.6666666666666666,0.9996485061511423,1,1,0
1607,0.0,0.0,0.0,0.9996485061511423,0,1,0
1608,0.0,0.0,0.0,0.9996485061511423,0,1,0
1609,1.0,1.0,1.0,1.0,1,0,0
1610,0.0,0.0,0.0,0.998945518453427,0,2,1
1611,0.0,0.0,0.0,0.9996485061511423,0,0,1
1612,0.0,0.0,0.0,0.9992970123022847,0,1,1
1613,0.0,0.0,0.0,0.9992970123022847,0,2,0
1614,0.0,0.0,0.0,0.9996485061511423,0,1,0
1615,0.0,0.0,0.0,1.0,0,0,0
1616,0.0,0.0,0.0,0.9996485061511423,0,1,0
1617,0.0,0.0,0.0,1.0,0,0,0
1618,0.0,0.0,0.0,1.0,0,0,0
1619,0.0,0.0,0.0,0.9996485061511423,0,1,0
1620,0.0,0.0,0.0,1.0,0,0,0
1621,0.0,0.0,0.0,1.0,0,0,0
1622,0.0,0.0,0.0,1.0,0,0,0
1623,0.0,0.0,0.0,0.9996485061511423,0,0,1
1624,0.0,0.0,0.0,1.0,0,0,0
1625,0.0,0.0,0.0,1.0,0,0,0
1626,0.0,0.0,0.0,1.0,0,0,0
1627,0.0,0.0,0.0,0.9996485061511423,0,1,0
1628,0.0,0.0,0.0,0.9996485061511423,0,0,1
1629,0.0,0.0,0.0,1.0,0,0,0
1630,0.0,0.0,0.0,1.0,0,0,0
1631,1.0,1.0,1.0,1.0,1,0,0
1632,0.0,0.0,0.0,0.9996485061511423,0,1,0
1633,0.0,0.0,0.0,1.0,0,0,0
1634,0.0,0.0,0.0,0.9992970123022847,0,2,0
1635,0.0,0.0,0.0,1.0,0,0,0
1636,1.0,1.0,1.0,1.0,1,0,0
1637,0.0,0.0,0.0,0.9996485061511423,0,0,1
1638,0.0,0.0,0.0,1.0,0,0,0
1639,1.0,1.0,1.0,1.0,1,0,0
1640,0.0,0.0,0.0,1.0,0,0,0
1641,0.0,0.0,0.0,1.0,0,0,0
1642,0.0,0.0,0.0,0.9996485061511423,0,0,1
1643,0.0,0.0,0.0,0.9996485061511423,0,1,0
1644,0.0,0.0,0.0,1.0,0,0,0
1645,0.0,0.0,0.0,0.9996485061511423,0,0,1
1646,0.0,0.0,0.0,0.998945518453427,0,2,1
1647,0.0,0.0,0.0,1.0,0,0,0
1648,0.0,0.0,0.0,0.9996485061511423,0,1,0
1649,0.0,0.0,0.0,0.9996485061511423,0,0,1
1650,0.0,0.0,0.0,1.0,0,0,0
1651,1.0,1.0,1.0,1.0,1,0,0
1652,0.5,1.0,0.6666666666666666,0.9996485061511423,1,1,0
1653,1.0,1.0,1.0,1.0,1,0,0
1654,0.0,0.0,0.0,0.9996485061511423,0,1,0
1655,1.0,1.0,1.0,1.0,1,0,0
1656,1.0,1.0,1.0,1.0,1,0,0
1657,0.0,0.0,0.0,0.9996485061511423,0,1,0
1658,0.0,0.0,0.0,1.0,0,0,0
1659,0.0,0.0,0.0,0.9996485061511423,0,1,0
1660,0.0,0.0,0.0,0.9996485061511423,0,1,0
1661,0.0,0.0,0.0,1.0,0,0,0
1662,0.0,0.0,0.0,1.0,0,0,0
1663,0.0,0.0,0.0,1.0,0,0,0
1664,1.0,1.0,1.0,1.0,1,0,0
1665,0.0,0.0,0.0,1.0,0,0,0
1666,1.0,1.0,1.0,1.0,1,0,0
1667,0.0,0.0,0.0,0.9992970123022847,0,1,1
1668,0.0,0.0,0.0,0.9996485061511423,0,0,1
1669,0.0,0.0,0.0,0.9996485061511423,0,1,0
1670,0.5,1.0,0.6666666666666666,0.9996485061511423,1,1,0
1671,0.0,0.0,0.0,0.9996485061511423,0,0,1
1672,0.0,0.0,0.0,0.9996485061511423,0,1,0
1673,0.0,0.0,0.0,0.9996485061511423,0,1,0
1674,0.0,0.0,0.0,0.9996485061511423,0,0,1
1675,0.0,0.0,0.0,1.0,0,0,0
1676,0.0,0.0,0.0,0.9992970123022847,0,1,1
1677,0.0,0.0,0.0,0.9996485061511423,0,1,0
1678,0.0,0.0,0.0,0.9992970123022847,0,1,1
1679,0.0,0.0,0.0,0.9996485061511423,0,0,1
1680,0.0,0.0,0.0,0.9996485061511423,0,1,0
1681,0.0,0.0,0.0,0.9992970123022847,0,1,1
1682,0.0,0.0,0.0,0.9996485061511423,0,0,1
1683,0.0,0.0,0.0,1.0,0,0,0
1684,0.0,0.0,0.0,1.0,0,0,0
1685,0.0,0.0,0.0,1.0,0,0,0
1686,0.0,0.0,0.0,0.9996485061511423,0,0,1
1687,0.0,0.0,0.0,1.0,0,0,0
1688,0.0,0.0,0.0,0.9996485061511423,0,0,1
1689,0.0,0.0,0.0,1.0,0,0,0
1690,0.0,0.0,0.0,0.9992970123022847,0,1,1
1691,0.0,0.0,0.0,0.9996485061511423,0,1,0
1692,0.0,0.0,0.0,0.9996485061511423,0,1,0
1693,1.0,1.0,1.0,1.0,1,0,0
1694,0.0,0.0,0.0,1.0,0,0,0
1695,0.0,0.0,0.0,1.0,0,0,0
1696,0.0,0.0,0.0,1.0,0,0,0
1697,0.5,1.0,0.6666666666666666,0.9996485061511423,1,1,0
1698,0.0,0.0,0.0,1.0,0,0,0
1699,0.0,0.0,0.0,0.998945518453427,0,2,1
1700,0.0,0.0,0.0,1.0,0,0,0
1701,0.0,0.0,0.0,0.9996485061511423,0,0,1
1702,0.0,0.0,0.0,0.9996485061511423,0,1,0
1703,0.0,0.0,0.0,1.0,0,0,0
1704,0.0,0.0,0.0,1.0,0,0,0
1705,0.0,0.0,0.0,1.0,0,0,0
1706,0.0,0.0,0.0,1.0,0,0,0
1707,0.0,0.0,0.0,0.9996485061511423,0,1,0
1708,0.0,0.0,0.0,0.9996485061511423,0,0,1
1709,0.0,0.0,0.0,1.0,0,0,0
1710,0.0,0.0,0.0,1.0,0,0,0
1711,0.5,1.0,0.6666666666666666,0.9996485061511423,1,1,0
1712,0.0,0.0,0.0,1.0,0,0,0
1713,0.5,1.0,0.6666666666666666,0.9996485061511423,1,1,0
1714,0.0,0.0,0.0,0.9992970123022847,0,1,1
1715,0.0,0.0,0.0,1.0,0,0,0
1716,0.0,0.0,0.0,0.9996485061511423,0,0,1
1717,0.0,0.0,0.0,0.9996485061511423,0,1,0
1718,1.0,1.0,1.0,1.0,1,0,0
1719,1.0,1.0,1.0,1.0,1,0,0
1720,0.0,0.0,0.0,1.0,0,0,0
1721,0.0,0.0,0.0,0.9996485061511423,0,1,0
1722,0.5,1.0,0.6666666666666666,0.9996485061511423,1,1,0
1723,0.0,0.0,0.0,0.9992970123022847,0,1,1
1724,1.0,1.0,1.0,1.0,1,0,0
1725,0.0,0.0,0.0,1.0,0,0,0
1726,0.0,0.0,0.0,1.0,0,0,0
1727,0.0,0.0,0.0,1.0,0,0,0
1728,1.0,1.0,1.0,1.0,1,0,0
1729,0.0,0.0,0.0,0.9996485061511423,0,1,0
1730,0.0,0.0,0.0,0.9996485061511423,0,1,0
1731,0.0,0.0,0.0,1.0,0,0,0
1732,0.0,0.0,0.0,1.0,0,0,0
1733,0.0,0.0,0.0,0.9992970123022847,0,1,1
1734,1.0,1.0,1.0,1.0,1,0,0
1735,0.0,0.0,0.0,1.0,0,0,0
1736,0.0,0.0,0.0,1.0,0,0,0
1737,0.0,0.0,0.0,1.0,0,0,0
1738,0.0,0.0,0.0,0.9996485061511423,0,1,0
1739,0.0,0.0,0.0,0.9996485061511423,0,0,1
1740,0.0,0.0,0.0,1.0,0,0,0
1741,0.0,0.0,0.0,0.9996485061511423,0,1,0
1742,0.0,0.0,0.0,1.0,0,0,0
1743,0.0,0.0,0.0,0.998945518453427,0,2,1
1744,0.0,0.0,0.0,1.0,0,0,0
1745,0.0,0.0,0.0,0.9996485061511423,0,0,1
1746,0.0,0.0,0.0,1.0,0,0,0
1747,1.0,1.0,1.0,1.0,1,0,0
1748,0.0,0.0,0.0,0.9996485061511423,0,0,1
1749,0.5,1.0,0.6666666666666666,0.9996485061511423,1,1,0
1750,0.0,0.0,0.0,0.9996485061511423,0,0,1
1751,0.0,0.0,0.0,1.0,0,0,0
1752,1.0,1.0,1.0,1.0,1,0,0
1753,0.0,0.0,0.0,1.0,0,0,0
1754,0.0,0.0,0.0,1.0,0,0,0
1755,0.0,0.0,0.0,0.9996485061511423,0,1,0
1756,0.5,1.0,0.6666666666666666,0.9996485061511423,1,1,0
1757,0.0,0.0,0.0,1.0,0,0,0
1758,0.0,0.0,0.0,1.0,0,0,0
1759,0.0,0.0,0.0,0.9996485061511423,0,0,1
1760,1.0,1.0,1.0,1.0,1,0,0
1761,0.0,0.0,0.0,0.9996485061511423,0,0,1
1762,0.0,0.0,0.0,0.9992970123022847,0,2,0
1763,0.0,0.0,0.0,0.9996485061511423,0,1,0
1764,0.0,0.0,0.0,0.9996485061511423,0,0,1
1765,0.0,0.0,0.0,0.9996485061511423,0,1,0
1766,0.0,0.0,0.0,1.0,0,0,0
1767,1.0,1.0,1.0,1.0,1,0,0
1768,0.0,0.0,0.0,0.9996485061511423,0,1,0
1769,0.0,0.0,0.0,0.9996485061511423,0,1,0
1770,1.0,1.0,1.0,1.0,1,0,0
1771,1.0,1.0,1.0,1.0,1,0,0
1772,0.0,0.0,0.0,1.0,0,0,0
1773,0.0,0.0,0.0,1.0,0,0,0
1774,0.0,0.0,0.0,1.0,0,0,0
1775,0.0,0.0,0.0,0.9996485061511423,0,1,0
1776,0.0,0.0,0.0,1.0,0,0,0
1777,0.0,0.0,0.0,0.9996485061511423,0,0,1
1778,0.0,0.0,0.0,1.0,0,0,0
1779,0.0,0.0,0.0,1.0,0,0,0
1780,0.0,0.0,0.0,1.0,0,0,0
1781,0.0,0.0,0.0,1.0,0,0,0
1782,0.0,0.0,0.0,0.9996485061511423,0,0,1
1783,0.0,0.0,0.0,0.9996485061511423,0,1,0
1784,0.0,0.0,0.0,0.9996485061511423,0,0,1
1785,0.0,0.0,0.0,0.9996485061511423,0,0,1
1786,0.0,0.0,0.0,0.9996485061511423,0,0,1
1787,0.0,0.0,0.0,0.9996485061511423,0,1,0
1788,0.0,0.0,0.0,0.9996485061511423,0,0,1
1789,0.0,0.0,0.0,0.9996485061511423,0,1,0
1790,0.0,0.0,0.0,1.0,0,0,0
1791,0.0,0.0,0.0,0.9996485061511423,0,1,0
1792,0.0,0.0,0.0,0.9996485061511423,0,0,1
1793,0.0,0.0,0.0,0.9996485061511423,0,1,0
1794,0.0,0.0,0.0,1.0,0,0,0
1795,1.0,1.0,1.0,1.0,1,0,0
1796,1.0,1.0,1.0,1.0,1,0,0
1797,0.0,0.0,0.0,0.9996485061511423,0,0,1
1798,0.0,0.0,0.0,1.0,0,0,0
1799,0.0,0.0,0.0,1.0,0,0,0
1800,0.0,0.0,0.0,1.0,0,0,0
1801,0.0,0.0,0.0,1.0,0,0,0
1802,0.0,0.0,0.0,1.0,0,0,0
1803,1.0,1.0,1.0,1.0,1,0,0
1804,0.0,0.0,0.0,1.0,0,0,0
1805,0.0,0.0,0.0,0.9996485061511423,0,1,0
1806,0.0,0.0,0.0,1.0,0,0,0
1807,0.0,0.0,0.0,1.0,0,0,0
1808,0.0,0.0,0.0,1.0,0,0,0
1809,0.0,0.0,0.0,1.0,0,0,0
1810,0.0,0.0,0.0,1.0,0,0,0
1811,0.0,0.0,0.0,1.0,0,0,0
1812,0.0,0.0,0.0,1.0,0,0,0
1813,0.0,0.0,0.0,0.9996485061511423,0,1,0
1814,0.0,0.0,0.0,1.0,0,0,0
1815,0.0,0.0,0.0,0.9996485061511423,0,0,1
1816,0.0,0.0,0.0,1.0,0,0,0
1817,0.0,0.0,0.0,0.9996485061511423,0,1,0
1818,0.0,0.0,0.0,1.0,0,0,0
1819,0.5,1.0,0.6666666666666666,0.9996485061511423,1,1,0
1820,0.0,0.0,0.0,1.0,0,0,0
1821,0.0,0.0,0.0,1.0,0,0,0
1822,0.0,0.0,0.0,0.9996485061511423,0,0,1
1823,0.0,0.0,0.0,0.9996485061511423,0,1,0
1824,0.0,0.0,0.0,1.0,0,0,0
1825,0.0,0.0,0.0,0.9996485061511423,0,0,1
1826,0.0,0.0,0.0,1.0,0,0,0
1827,1.0,1.0,1.0,1.0,1,0,0
1828,0.0,0.0,0.0,1.0,0,0,0
1829,0.0,0.0,0.0,1.0,0,0,0
1830,0.0,0.0,0.0,1.0,0,0,0
1831,0.0,0.0,0.0,0.9996485061511423,0,1,0
1832,0.0,0.0,0.0,1.0,0,0,0
1833,0.0,0.0,0.0,1.0,0,0,0
1834,1.0,1.0,1.0,1.0,1,0,0
1835,0.0,0.0,0.0,1.0,0,0,0
1836,0.0,0.0,0.0,0.9992970123022847,0,1,1
1837,0.0,0.0,0.0,0.9996485061511423,0,0,1
1838,0.0,0.0,0.0,0.9992970123022847,0,1,1
1839,0.0,0.0,0.0,1.0,0,0,0
1840,0.0,0.0,0.0,1.0,0,0,0
1841,0.0,0.0,0.0,1.0,0,0,0
1842,0.0,0.0,0.0,0.9996485061511423,0,0,1
1843,0.0,0.0,0.0,0.998945518453427,0,2,1
1844,0.0,0.0,0.0,1.0,0,0,0
1845,0.0,0.0,0.0,0.9996485061511423,0,1,0
1846,0.0,0.0,0.0,1.0,0,0,0
1847,0.0,0.0,0.0,1.0,0,0,0
1848,0.0,0.0,0.0,0.9996485061511423,0,1,0
1849,0.0,0.0,0.0,1.0,0,0,0
1850,0.0,0.0,0.0,1.0,0,0,0
1851,1.0,1.0,1.0,1.0,1,0,0
1852,0.0,0.0,0.0,1.0,0,0,0
1853,0.0,0.0,0.0,1.0,0,0,0
1854,1.0,1.0,1.0,1.0,1,0,0
1855,0.0,0.0,0.0,0.9996485061511423,0,0,1
1856,0.0,0.0,0.0,1.0,0,0,0
1857,0.0,0.0,0.0,1.0,0,0,0
1858,0.0,0.0,0.0,1.0,0,0,0
1859,0.0,0.0,0.0,1.0,0,0,0
1860,0.0,0.0,0.0,0.9996485061511423,0,0,1
1861,0.0,0.0,0.0,0.9996485061511423,0,1,0
1862,0.0,0.0,0.0,0.9996485061511423,0,0,1
1863,0.0,0.0,0.0,0.9996485061511423,0,1,0
1864,0.0,0.0,0.0,1.0,0,0,0
1865,0.0,0.0,0.0,0.9996485061511423,0,1,0
1866,0.5,1.0,0.6666666666666666,0.9996485061511423,1,1,0
1867,0.0,0.0,0.0,0.9996485061511423,0,0,1
1868,0.0,0.0,0.0,0.9996485061511423,0,0,1
1869,1.0,1.0,1.0,1.0,1,0,0
1870,0.0,0.0,0.0,1.0,0,0,0
1871,0.0,0.0,0.0,0.9996485061511423,0,1,0
1872,0.0,0.0,0.0,1.0,0,0,0
1873,0.0,0.0,0.0,0.998945518453427,0,2,1
1874,0.0,0.0,0.0,1.0,0,0,0
1875,0.0,0.0,0.0,1.0,0,0,0
1876,0.0,0.0,0.0,0.9996485061511423,0,0,1
1877,0.0,0.0,0.0,1.0,0,0,0
1878,0.0,0.0,0.0,1.0,0,0,0
1879,0.0,0.0,0.0,1.0,0,0,0
1880,0.0,0.0,0.0,1.0,0,0,0
1881,0.0,0.0,0.0,0.9996485061511423,0,1,0
1882,0.0,0.0,0.0,1.0,0,0,0
1883,0.0,0.0,0.0,1.0,0,0,0
1884,0.0,0.0,0.0,1.0,0,0,0
1885,0.0,0.0,0.0,1.0,0,0,0
1886,0.0,0.0,0.0,1.0,0,0,0
1887,0.0,0.0,0.0,0.9996485061511423,0,0,1
1888,0.0,0.0,0.0,0.9996485061511423,0,0,1
1889,0.0,0.0,0.0,0.9996485061511423,0,0,1
1890,0.0,0.0,0.0,0.9996485061511423,0,1,0
1891,0.0,0.0,0.0,0.9996485061511423,0,1,0
1892,0.0,0.0,0.0,1.0,0,0,0
1893,0.0,0.0,0.0,1.0,0,0,0
1894,0.0,0.0,0.0,0.9996485061511423,0,1,0
1895,0.0,0.0,0.0,1.0,0,0,0
1896,0.0,0.0,0.0,1.0,0,0,0
1897,0.0,0.0,0.0,1.0,0,0,0
1898,0.0,0.0,0.0,1.0,0,0,0
1899,0.0,0.0,0.0,0.9996485061511423,0,1,0
1900,0.0,0.0,0.0,0.9996485061511423,0,0,1
1901,0.0,0.0,0.0,1.0,0,0,0
1902,0.0,0.0,0.0,0.9992970123022847,0,2,0
1903,0.0,0.0,0.0,0.9996485061511423,0,0,1
1904,0.0,0.0,0.0,0.9992970123022847,0,1,1
1905,0.0,0.0,0.0,1.0,0,0,0
1906,0.0,0.0,0.0,0.9992970123022847,0,2,0
1907,0.0,0.0,0.0,1.0,0,0,0
1908,0.0,0.0,0.0,0.9992970123022847,0,2,0
1909,0.0,0.0,0.0,1.0,0,0,0
1910,0.0,0.0,0.0,0.9996485061511423,0,1,0
1911,0.0,0.0,0.0,0.9992970123022847,0,2,0
1912,0.0,0.0,0.0,1.0,0,0,0
1913,0.0,0.0,0.0,1.0,0,0,0
1914,0.0,0.0,0.0,0.9992970123022847,0,1,1
1915,0.0,0.0,0.0,0.9996485061511423,0,0,1
1916,0.0,0.0,0.0,1.0,0,0,0
1917,0.0,0.0,0.0,1.0,0,0,0
1918,0.0,0.0,0.0,1.0,0,0,0
1919,0.0,0.0,0.0,0.9996485061511423,0,0,1
1920,0.0,0.0,0.0,1.0,0,0,0
1921,0.0,0.0,0.0,1.0,0,0,0
1922,0.0,0.0,0.0,1.0,0,0,0
1923,0.0,0.0,0.0,0.9996485061511423,0,0,1
1924,0.0,0.0,0.0,1.0,0,0,0
1925,0.0,0.0,0.0,0.9996485061511423,0,1,0
1926,0.0,0.0,0.0,1.0,0,0,0
1927,0.0,0.0,0.0,1.0,0,0,0
1928,0.0,0.0,0.0,0.9996485061511423,0,1,0
1929,0.0,0.0,0.0,0.9996485061511423,0,1,0
1930,0.0,0.0,0.0,1.0,0,0,0
1931,0.0,0.0,0.0,0.9996485061511423,0,0,1
1932,0.0,0.0,0.0,0.9996485061511423,0,1,0
1933,0.0,0.0,0.0,1.0,0,0,0
1934,0.0,0.0,0.0,0.9996485061511423,0,0,1
1935,0.0,0.0,0.0,1.0,0,0,0
1936,0.0,0.0,0.0,0.9996485061511423,0,0,1
1937,0.0,0.0,0.0,1.0,0,0,0
1938,0.0,0.0,0.0,0.9992970123022847,0,1,1
1939,0.0,0.0,0.0,0.9992970123022847,0,2,0
1940,0.0,0.0,0.0,1.0,0,0,0
1941,0.0,0.0,0.0,0.9996485061511423,0,0,1
1942,0.0,0.0,0.0,1.0,0,0,0
1943,0.0,0.0,0.0,1.0,0,0,0
1944,0.0,0.0,0.0,1.0,0,0,0
1945,0.0,0.0,0.0,0.9996485061511423,0,0,1
1946,0.0,0.0,0.0,0.9992970123022847,0,2,0
1947,0.0,0.0,0.0,0.9996485061511423,0,0,1
1948,0.0,0.0,0.0,1.0,0,0,0
1949,0.0,0.0,0.0,1.0,0,0,0
1950,0.0,0.0,0.0,1.0,0,0,0
1951,0.0,0.0,0.0,1.0,0,0,0
1952,0.0,0.0,0.0,1.0,0,0,0
1953,0.0,0.0,0.0,0.9996485061511423,0,1,0
1954,0.0,0.0,0.0,1.0,0,0,0
1955,1.0,1.0,1.0,1.0,1,0,0
1956,0.0,0.0,0.0,1.0,0,0,0
1957,0.0,0.0,0.0,0.9996485061511423,0,1,0
1958,0.0,0.0,0.0,0.9996485061511423,0,0,1
1959,0.0,0.0,0.0,1.0,0,0,0
1960,0.0,0.0,0.0,1.0,0,0,0
1961,0.0,0.0,0.0,0.9996485061511423,0,0,1
1962,0.0,0.0,0.0,1.0,0,0,0
1963,1.0,1.0,1.0,1.0,1,0,0
1964,0.0,0.0,0.0,1.0,0,0,0
1965,0.0,0.0,0.0,1.0,0,0,0
1966,0.0,0.0,0.0,0.9996485061511423,0,1,0
1967,0.0,0.0,0.0,0.9996485061511423,0,0,1
1968,0.0,0.0,0.0,1.0,0,0,0
1969,0.0,0.0,0.0,1.0,0,0,0
1970,0.0,0.0,0.0,0.9996485061511423,0,1,0
1971,0.0,0.0,0.0,0.9996485061511423,0,1,0
1972,0.0,0.0,0.0,1.0,0,0,0
1973,0.0,0.0,0.0,1.0,0,0,0
1974,0.0,0.0,0.0,1.0,0,0,0
1975,0.0,0.0,0.0,0.9992970123022847,0,2,0
1976,0.0,0.0,0.0,0.9996485061511423,0,0,1
1977,1.0,1.0,1.0,1.0,1,0,0
1978,0.0,0.0,0.0,0.9996485061511423,0,1,0
1979,0.0,0.0,0.0,0.9992970123022847,0,1,1
1980,0.0,0.0,0.0,1.0,0,0,0
1981,0.0,0.0,0.0,1.0,0,0,0
1982,0.0,0.0,0.0,0.9996485061511423,0,1,0
1983,0.0,0.0,0.0,1.0,0,0,0
1984,0.0,0.0,0.0,0.9996485061511423,0,1,0
1985,0.0,0.0,0.0,1.0,0,0,0
1986,0.0,0.0,0.0,1.0,0,0,0
1987,0.0,0.0,0.0,0.9996485061511423,0,0,1
1988,1.0,1.0,1.0,1.0,1,0,0
1989,0.0,0.0,0.0,1.0,0,0,0
1990,0.0,0.0,0.0,0.9992970123022847,0,2,0
1991,0.0,0.0,0.0,0.9996485061511423,0,1,0
1992,1.0,1.0,1.0,1.0,1,0,0
1993,0.0,0.0,0.0,1.0,0,0,0
1994,0.0,0.0,0.0,1.0,0,0,0
1995,0.0,0.0,0.0,1.0,0,0,0
1996,0.0,0.0,0.0,0.9996485061511423,0,1,0
1997,0.0,0.0,0.0,1.0,0,0,0
1998,0.0,0.0,0.0,0.9996485061511423,0,0,1
1999,0.0,0.0,0.0,0.49701230228471,0,0,1431
